Timestamp,Tick,Encoder,X,Y,Z
2025-05-13T09:53:36.711,173407,0,33.000000,22.000000,1024.000000
2025-05-13T09:53:36.712,173408,0,33.000000,22.000000,1019.000000
2025-05-13T09:53:36.712,173409,0,-5.000000,42.000000,1019.000000
2025-05-13T09:53:36.712,173410,0,0.000000,37.000000,1004.000000
2025-05-13T09:53:36.712,173411,0,0.000000,37.000000,973.000000
2025-05-13T09:53:36.713,173412,0,43.000000,43.000000,976.000000
2025-05-13T09:53:36.713,173413,0,43.000000,18.000000,982.000000
2025-05-13T09:53:36.713,173414,0,31.000000,18.000000,982.000000
2025-05-13T09:53:36.714,173415,0,11.000000,22.000000,1025.000000
2025-05-13T09:53:36.714,173416,0,11.000000,22.000000,1003.000000
2025-05-13T09:53:36.715,173417,0,34.000000,35.000000,1003.000000
2025-05-13T09:53:36.715,173418,0,34.000000,40.000000,1014.000000
2025-05-13T09:53:36.715,173419,0,33.000000,40.000000,1014.000000
2025-05-13T09:53:36.716,173420,0,39.000000,44.000000,1021.000000
2025-05-13T09:53:36.716,173421,0,39.000000,44.000000,1020.000000
2025-05-13T09:53:36.716,173422,0,34.000000,21.000000,1020.000000
2025-05-13T09:53:36.717,173423,0,35.000000,19.000000,1001.000000
2025-05-13T09:53:36.717,173424,0,35.000000,19.000000,1001.000000
2025-05-13T09:53:36.718,173425,0,44.000000,16.000000,1020.000000
2025-05-13T09:53:36.718,173426,0,44.000000,22.000000,978.000000
2025-05-13T09:53:36.718,173427,0,-12.000000,22.000000,978.000000
2025-05-13T09:53:36.719,173428,0,-7.000000,16.000000,999.000000
2025-05-13T09:53:36.719,173429,0,-7.000000,16.000000,1027.000000
2025-05-13T09:53:36.720,173430,0,-1.000000,43.000000,1027.000000
2025-05-13T09:53:36.720,173431,0,-1.000000,36.000000,981.000000
2025-05-13T09:53:36.721,173432,0,43.000000,36.000000,981.000000
2025-05-13T09:53:36.721,173433,0,-10.000000,20.000000,979.000000
2025-05-13T09:53:36.721,173434,0,-10.000000,20.000000,1022.000000
2025-05-13T09:53:36.722,173435,0,32.000000,16.000000,1022.000000
2025-05-13T09:53:36.722,173436,0,34.000000,15.000000,1021.000000
2025-05-13T09:53:36.722,173437,0,34.000000,15.000000,1021.000000
2025-05-13T09:53:36.723,173438,0,35.000000,43.000000,1021.000000
2025-05-13T09:53:36.723,173439,0,35.000000,24.000000,980.000000
2025-05-13T09:53:36.724,173440,0,-4.000000,24.000000,980.000000
2025-05-13T09:53:36.724,173441,0,-4.000000,45.000000,1004.000000
2025-05-13T09:53:36.724,173442,0,-4.000000,45.000000,1001.000000
2025-05-13T09:53:36.725,173443,0,19.000000,43.000000,1001.000000
2025-05-13T09:53:36.725,173444,0,19.000000,43.000000,1014.000000
2025-05-13T09:53:36.726,173445,0,40.000000,43.000000,1014.000000
2025-05-13T09:53:36.726,173446,0,-10.000000,30.000000,978.000000
2025-05-13T09:53:36.726,173447,0,-10.000000,30.000000,1004.000000
2025-05-13T09:53:36.727,173448,0,30.000000,41.000000,1004.000000
2025-05-13T09:53:36.727,173449,0,34.000000,18.000000,1028.000000
2025-05-13T09:53:36.727,173450,0,34.000000,18.000000,1028.000000
2025-05-13T09:53:36.728,173451,0,-2.000000,16.000000,1020.000000
2025-05-13T09:53:36.728,173452,0,-2.000000,42.000000,1018.000000
2025-05-13T09:53:36.729,173453,0,-2.000000,42.000000,1018.000000
2025-05-13T09:53:36.729,173454,0,-6.000000,45.000000,982.000000
2025-05-13T09:53:36.729,173455,0,-6.000000,45.000000,1001.000000
2025-05-13T09:53:36.730,173456,0,43.000000,20.000000,1001.000000
2025-05-13T09:53:36.730,173457,0,43.000000,19.000000,995.000000
2025-05-13T09:53:36.731,173458,0,37.000000,19.000000,995.000000
2025-05-13T09:53:36.731,173459,0,0.000000,18.000000,981.000000
2025-05-13T09:53:36.731,173460,0,0.000000,18.000000,1002.000000
2025-05-13T09:53:36.732,173461,0,-4.000000,21.000000,1002.000000
2025-05-13T09:53:36.732,173462,0,17.000000,15.000000,1025.000000
2025-05-13T09:53:36.732,173463,0,17.000000,15.000000,1025.000000
2025-05-13T09:53:36.733,173464,0,32.000000,23.000000,976.000000
2025-05-13T09:53:36.733,173465,0,32.000000,17.000000,1022.000000
2025-05-13T09:53:36.734,173466,0,-13.000000,17.000000,1022.000000
2025-05-13T09:53:36.734,173467,0,-7.000000,18.000000,1026.000000
2025-05-13T09:53:36.734,173468,0,-7.000000,18.000000,1018.000000
2025-05-13T09:53:36.735,173469,0,32.000000,16.000000,1018.000000
2025-05-13T09:53:36.735,173470,0,32.000000,21.000000,987.000000
2025-05-13T09:53:36.736,173471,0,37.000000,21.000000,987.000000
2025-05-13T09:53:36.736,173472,0,-12.000000,26.000000,978.000000
2025-05-13T09:53:36.737,173473,0,-12.000000,26.000000,1027.000000
2025-05-13T09:53:36.737,173474,0,32.000000,45.000000,1027.000000
2025-05-13T09:53:36.737,173475,0,43.000000,35.000000,1024.000000
2025-05-13T09:53:36.738,173476,0,43.000000,35.000000,1024.000000
2025-05-13T09:53:36.738,173477,0,41.000000,43.000000,992.000000
2025-05-13T09:53:36.738,173478,0,41.000000,45.000000,980.000000
2025-05-13T09:53:36.739,173479,0,-5.000000,45.000000,980.000000
2025-05-13T09:53:36.739,173480,0,-1.000000,16.000000,999.000000
2025-05-13T09:53:36.739,173481,0,-1.000000,16.000000,1019.000000
2025-05-13T09:53:36.740,173482,0,40.000000,42.000000,1019.000000
2025-05-13T09:53:36.740,173483,0,40.000000,18.000000,976.000000
2025-05-13T09:53:36.741,173484,0,-8.000000,18.000000,976.000000
2025-05-13T09:53:36.741,173485,0,-11.000000,21.000000,978.000000
2025-05-13T09:53:36.741,173486,0,-11.000000,21.000000,1010.000000
2025-05-13T09:53:36.742,173487,0,-3.000000,45.000000,1010.000000
2025-05-13T09:53:36.742,173488,0,44.000000,16.000000,982.000000
2025-05-13T09:53:36.743,173489,0,44.000000,16.000000,982.000000
2025-05-13T09:53:36.743,173490,0,43.000000,44.000000,979.000000
2025-05-13T09:53:36.743,173491,0,43.000000,22.000000,1016.000000
2025-05-13T09:53:36.744,173492,0,-14.000000,22.000000,1016.000000
2025-05-13T09:53:36.744,173493,0,31.000000,36.000000,1027.000000
2025-05-13T09:53:36.745,173494,0,31.000000,36.000000,1024.000000
2025-05-13T09:53:36.745,173495,0,37.000000,20.000000,1024.000000
2025-05-13T09:53:36.746,173496,0,37.000000,41.000000,1020.000000
2025-05-13T09:53:36.746,173497,0,0.000000,41.000000,1020.000000
2025-05-13T09:53:36.746,173498,0,-7.000000,38.000000,1027.000000
2025-05-13T09:53:36.747,173499,0,-7.000000,38.000000,1028.000000
2025-05-13T09:53:36.747,173500,0,33.000000,40.000000,1028.000000
2025-05-13T09:53:36.747,173501,0,38.000000,44.000000,1016.000000
2025-05-13T09:53:36.748,173502,0,38.000000,44.000000,1016.000000
2025-05-13T09:53:36.748,173503,0,-5.000000,28.000000,995.000000
2025-05-13T09:53:36.749,173504,0,-5.000000,21.000000,1017.000000
2025-05-13T09:53:36.749,173505,0,7.000000,21.000000,1017.000000
2025-05-13T09:53:36.749,173506,0,-3.000000,42.000000,998.000000
2025-05-13T09:53:36.750,173507,0,-3.000000,42.000000,1022.000000
2025-05-13T09:53:36.750,173508,0,45.000000,35.000000,1022.000000
2025-05-13T09:53:36.750,173509,0,45.000000,21.000000,979.000000
2025-05-13T09:53:36.751,173510,0,-8.000000,21.000000,979.000000
2025-05-13T09:53:36.751,173511,0,-7.000000,18.000000,977.000000
2025-05-13T09:53:36.752,173512,0,-7.000000,18.000000,1024.000000
2025-05-13T09:53:36.752,173513,0,-2.000000,38.000000,1024.000000
2025-05-13T09:53:36.752,173514,0,32.000000,44.000000,1020.000000
2025-05-13T09:53:36.753,173515,0,32.000000,44.000000,1020.000000
2025-05-13T09:53:36.753,173516,0,-5.000000,22.000000,975.000000
2025-05-13T09:53:36.754,173517,0,-5.000000,22.000000,1021.000000
2025-05-13T09:53:36.754,173518,0,11.000000,22.000000,1021.000000
2025-05-13T09:53:36.754,173519,0,-3.000000,43.000000,1008.000000
2025-05-13T09:53:36.755,173520,0,-3.000000,43.000000,1008.000000
2025-05-13T09:53:36.755,173521,0,16.000000,41.000000,1021.000000
2025-05-13T09:53:36.756,173522,0,16.000000,23.000000,996.000000
2025-05-13T09:53:36.756,173523,0,0.000000,23.000000,996.000000
2025-05-13T09:53:36.756,173524,0,-3.000000,18.000000,1022.000000
2025-05-13T09:53:36.757,173525,0,-3.000000,18.000000,1020.000000
2025-05-13T09:53:36.757,173526,0,34.000000,20.000000,1020.000000
2025-05-13T09:53:36.757,173527,0,37.000000,15.000000,1027.000000
2025-05-13T09:53:36.758,173528,0,37.000000,15.000000,1027.000000
2025-05-13T09:53:36.758,173529,0,-6.000000,21.000000,982.000000
2025-05-13T09:53:36.759,173530,0,-6.000000,21.000000,1020.000000
2025-05-13T09:53:36.759,173531,0,7.000000,29.000000,1020.000000
2025-05-13T09:53:36.759,173532,0,-4.000000,39.000000,1001.000000
2025-05-13T09:53:36.760,173533,0,-4.000000,39.000000,1001.000000
2025-05-13T09:53:36.760,173534,0,35.000000,18.000000,1023.000000
2025-05-13T09:53:36.761,173535,0,35.000000,27.000000,971.000000
2025-05-13T09:53:36.761,173536,0,-1.000000,27.000000,971.000000
2025-05-13T09:53:36.761,173537,0,-6.000000,25.000000,1021.000000
2025-05-13T09:53:36.762,173538,0,-6.000000,25.000000,1001.000000
2025-05-13T09:53:36.762,173539,0,-2.000000,17.000000,1001.000000
2025-05-13T09:53:36.763,173540,0,28.000000,21.000000,1016.000000
2025-05-13T09:53:36.763,173541,0,38.000000,21.000000,1016.000000
2025-05-13T09:53:36.763,173542,0,-6.000000,17.000000,976.000000
2025-05-13T09:53:36.764,173543,0,-6.000000,17.000000,1018.000000
2025-05-13T09:53:36.764,173544,0,10.000000,20.000000,1018.000000
2025-05-13T09:53:36.764,173545,0,-1.000000,40.000000,1013.000000
2025-05-13T09:53:36.765,173546,0,-1.000000,40.000000,1013.000000
2025-05-13T09:53:36.765,173547,0,33.000000,24.000000,1020.000000
2025-05-13T09:53:36.766,173548,0,33.000000,67.000000,969.000000
2025-05-13T09:53:36.766,173549,0,-2.000000,67.000000,969.000000
2025-05-13T09:53:36.766,173550,0,-11.000000,23.000000,1024.000000
2025-05-13T09:53:36.767,173551,0,-11.000000,23.000000,1019.000000
2025-05-13T09:53:36.767,173552,0,-5.000000,45.000000,1019.000000
2025-05-13T09:53:36.768,173553,0,25.000000,19.000000,1019.000000
2025-05-13T09:53:36.768,173554,0,35.000000,19.000000,1019.000000
2025-05-13T09:53:36.768,173555,0,-12.000000,19.000000,1017.000000
2025-05-13T09:53:36.769,173556,0,-12.000000,19.000000,1015.000000
2025-05-13T09:53:36.769,173557,0,-12.000000,27.000000,1015.000000
2025-05-13T09:53:36.770,173558,0,33.000000,38.000000,1006.000000
2025-05-13T09:53:36.770,173559,0,33.000000,38.000000,1006.000000
2025-05-13T09:53:36.770,173560,0,41.000000,44.000000,1028.000000
2025-05-13T09:53:36.771,173561,0,41.000000,21.000000,968.000000
2025-05-13T09:53:36.771,173562,0,33.000000,21.000000,968.000000
2025-05-13T09:53:36.772,173563,0,-8.000000,16.000000,1026.000000
2025-05-13T09:53:36.772,173564,0,-8.000000,16.000000,1018.000000
2025-05-13T09:53:36.772,173565,0,-6.000000,17.000000,1018.000000
2025-05-13T09:53:36.773,173566,0,23.000000,21.000000,1014.000000
2025-05-13T09:53:36.773,173567,0,39.000000,21.000000,1014.000000
2025-05-13T09:53:36.773,173568,0,-3.000000,18.000000,981.000000
2025-05-13T09:53:36.774,173569,0,-3.000000,18.000000,1020.000000
2025-05-13T09:53:36.774,173570,0,13.000000,19.000000,1020.000000
2025-05-13T09:53:36.775,173571,0,32.000000,39.000000,1011.000000
2025-05-13T09:53:36.775,173572,0,32.000000,39.000000,1011.000000
2025-05-13T09:53:36.775,173573,0,45.000000,23.000000,1019.000000
2025-05-13T09:53:36.776,173574,0,45.000000,24.000000,974.000000
2025-05-13T09:53:36.776,173575,0,-3.000000,24.000000,974.000000
2025-05-13T09:53:36.777,173576,0,-10.000000,25.000000,1026.000000
2025-05-13T09:53:36.777,173577,0,-10.000000,25.000000,1019.000000
2025-05-13T09:53:36.777,173578,0,0.000000,38.000000,1019.000000
2025-05-13T09:53:36.778,173579,0,30.000000,42.000000,1023.000000
2025-05-13T09:53:36.778,173580,0,39.000000,42.000000,1023.000000
2025-05-13T09:53:36.779,173581,0,32.000000,21.000000,1018.000000
2025-05-13T09:53:36.779,173582,0,32.000000,21.000000,979.000000
2025-05-13T09:53:36.779,173583,0,-9.000000,36.000000,979.000000
2025-05-13T09:53:36.780,173584,0,-3.000000,16.000000,1005.000000
2025-05-13T09:53:36.780,173585,0,-3.000000,16.000000,974.000000
2025-05-13T09:53:36.780,173586,0,36.000000,23.000000,981.000000
2025-05-13T09:53:36.781,173587,0,36.000000,26.000000,978.000000
2025-05-13T09:53:36.781,173588,0,-8.000000,26.000000,978.000000
2025-05-13T09:53:36.782,173589,0,14.000000,19.000000,1020.000000
2025-05-13T09:53:36.782,173590,0,14.000000,19.000000,1008.000000
2025-05-13T09:53:36.782,173591,0,33.000000,42.000000,1008.000000
2025-05-13T09:53:36.783,173592,0,33.000000,21.000000,1014.000000
2025-05-13T09:53:36.783,173593,0,36.000000,21.000000,1014.000000
2025-05-13T09:53:36.784,173594,0,-5.000000,19.000000,976.000000
2025-05-13T09:53:36.784,173595,0,-5.000000,19.000000,980.000000
2025-05-13T09:53:36.784,173596,0,-9.000000,18.000000,980.000000
2025-05-13T09:53:36.785,173597,0,-1.000000,37.000000,1024.000000
2025-05-13T09:53:36.785,173598,0,-1.000000,37.000000,1024.000000
2025-05-13T09:53:36.786,173599,0,-1.000000,45.000000,1019.000000
2025-05-13T09:53:36.786,173600,0,-1.000000,27.000000,977.000000
2025-05-13T09:53:36.786,173601,0,-13.000000,27.000000,977.000000
2025-05-13T09:53:36.787,173602,0,13.000000,25.000000,1004.000000
2025-05-13T09:53:36.787,173603,0,13.000000,25.000000,1028.000000
2025-05-13T09:53:36.787,173604,0,30.000000,45.000000,1028.000000
2025-05-13T09:53:36.788,173605,0,30.000000,42.000000,1014.000000
2025-05-13T09:53:36.788,173606,0,-3.000000,42.000000,1014.000000
2025-05-13T09:53:36.789,173607,0,9.000000,17.000000,996.000000
2025-05-13T09:53:36.789,173608,0,9.000000,17.000000,999.000000
2025-05-13T09:53:36.789,173609,0,-6.000000,42.000000,999.000000
2025-05-13T09:53:36.790,173610,0,-3.000000,42.000000,1023.000000
2025-05-13T09:53:36.790,173611,0,-3.000000,42.000000,1023.000000
2025-05-13T09:53:36.791,173612,0,31.000000,42.000000,979.000000
2025-05-13T09:53:36.791,173613,0,31.000000,21.000000,1022.000000
2025-05-13T09:53:36.791,173614,0,31.000000,21.000000,1022.000000
2025-05-13T09:53:36.792,173615,0,13.000000,43.000000,1021.000000
2025-05-13T09:53:36.792,173616,0,13.000000,43.000000,1022.000000
2025-05-13T09:53:36.793,173617,0,34.000000,36.000000,1022.000000
2025-05-13T09:53:36.793,173618,0,34.000000,16.000000,989.000000
2025-05-13T09:53:36.793,173619,0,-3.000000,16.000000,989.000000
2025-05-13T09:53:36.794,173620,0,-7.000000,42.000000,978.000000
2025-05-13T09:53:36.794,173621,0,-7.000000,42.000000,998.000000
2025-05-13T09:53:36.795,173622,0,11.000000,23.000000,998.000000
2025-05-13T09:53:36.795,173623,0,31.000000,17.000000,1019.000000
2025-05-13T09:53:36.795,173624,0,31.000000,17.000000,1019.000000
2025-05-13T09:53:36.796,173625,0,-2.000000,44.000000,981.000000
2025-05-13T09:53:36.796,173626,0,-2.000000,23.000000,1014.000000
2025-05-13T09:53:36.796,173627,0,-13.000000,23.000000,1014.000000
2025-05-13T09:53:36.797,173628,0,-5.000000,15.000000,1013.000000
2025-05-13T09:53:36.797,173629,0,-5.000000,15.000000,981.000000
2025-05-13T09:53:36.798,173630,0,32.000000,43.000000,981.000000
2025-05-13T09:53:36.798,173631,0,32.000000,15.000000,989.000000
2025-05-13T09:53:36.798,173632,0,-4.000000,15.000000,989.000000
2025-05-13T09:53:36.799,173633,0,10.000000,24.000000,969.000000
2025-05-13T09:53:36.799,173634,0,10.000000,24.000000,979.000000
2025-05-13T09:53:36.800,173635,0,-9.000000,17.000000,979.000000
2025-05-13T09:53:36.800,173636,0,41.000000,37.000000,1021.000000
2025-05-13T09:53:36.800,173637,0,41.000000,37.000000,1021.000000
2025-05-13T09:53:36.801,173638,0,-3.000000,19.000000,988.000000
2025-05-13T09:53:36.801,173639,0,-3.000000,42.000000,974.000000
2025-05-13T09:53:36.801,173640,0,-9.000000,42.000000,974.000000
2025-05-13T09:53:36.802,173641,0,-10.000000,43.000000,1014.000000
2025-05-13T09:53:36.802,173642,0,-10.000000,43.000000,974.000000
2025-05-13T09:53:36.803,173643,0,-2.000000,39.000000,974.000000
2025-05-13T09:53:36.803,173644,0,-2.000000,19.000000,977.000000
2025-05-13T09:53:36.803,173645,0,31.000000,19.000000,977.000000
2025-05-13T09:53:36.804,173646,0,-14.000000,23.000000,971.000000
2025-05-13T09:53:36.804,173647,0,-14.000000,23.000000,1007.000000
2025-05-13T09:53:36.805,173648,0,-1.000000,45.000000,1007.000000
2025-05-13T09:53:36.805,173649,0,37.000000,39.000000,1015.000000
2025-05-13T09:53:36.805,173650,0,37.000000,39.000000,1015.000000
2025-05-13T09:53:36.806,173651,0,34.000000,44.000000,975.000000
2025-05-13T09:53:36.806,173652,0,34.000000,27.000000,1015.000000
2025-05-13T09:53:36.807,173653,0,-11.000000,27.000000,1015.000000
2025-05-13T09:53:36.807,173654,0,35.000000,45.000000,1044.000000
2025-05-13T09:53:36.807,173655,0,35.000000,45.000000,1017.000000
2025-05-13T09:53:36.808,173656,0,-2.000000,40.000000,1017.000000
2025-05-13T09:53:36.808,173657,0,-2.000000,38.000000,1014.000000
2025-05-13T09:53:36.809,173658,0,30.000000,38.000000,1014.000000
2025-05-13T09:53:36.809,173659,0,-13.000000,16.000000,1023.000000
2025-05-13T09:53:36.809,173660,0,-13.000000,16.000000,1026.000000
2025-05-13T09:53:36.810,173661,0,33.000000,21.000000,1026.000000
2025-05-13T09:53:36.810,173662,0,0.000000,42.000000,1018.000000
2025-05-13T09:53:36.810,173663,0,0.000000,42.000000,1018.000000
2025-05-13T09:53:36.811,173664,0,31.000000,24.000000,973.000000
2025-05-13T09:53:36.811,173665,0,31.000000,42.000000,1001.000000
2025-05-13T09:53:36.812,173666,0,12.000000,42.000000,1001.000000
2025-05-13T09:53:36.812,173667,0,-1.000000,43.000000,1047.000000
2025-05-13T09:53:36.812,173668,0,-1.000000,43.000000,1022.000000
2025-05-13T09:53:36.813,173669,0,41.000000,45.000000,1022.000000
2025-05-13T09:53:36.813,173670,0,41.000000,22.000000,972.000000
2025-05-13T09:53:36.814,173671,0,-11.000000,22.000000,972.000000
2025-05-13T09:53:36.814,173672,0,-14.000000,38.000000,1026.000000
2025-05-13T09:53:36.814,173673,0,-14.000000,38.000000,1008.000000
2025-05-13T09:53:36.815,173674,0,-5.000000,45.000000,1008.000000
2025-05-13T09:53:36.815,173675,0,25.000000,29.000000,1010.000000
2025-05-13T09:53:36.816,173676,0,32.000000,29.000000,1010.000000
2025-05-13T09:53:36.816,173677,0,-14.000000,24.000000,1024.000000
2025-05-13T09:53:36.816,173678,0,-14.000000,24.000000,1006.000000
2025-05-13T09:53:36.817,173679,0,-14.000000,20.000000,1006.000000
2025-05-13T09:53:36.817,173680,0,-4.000000,41.000000,1050.000000
2025-05-13T09:53:36.817,173681,0,-4.000000,41.000000,1020.000000
2025-05-13T09:53:36.818,173682,0,33.000000,17.000000,1002.000000
2025-05-13T09:53:36.818,173683,0,33.000000,43.000000,1020.000000
2025-05-13T09:53:36.819,173684,0,-12.000000,43.000000,1020.000000
2025-05-13T09:53:36.819,173685,0,0.000000,22.000000,1008.000000
2025-05-13T09:53:36.819,173686,0,0.000000,22.000000,1049.000000
2025-05-13T09:53:36.820,173687,0,-3.000000,45.000000,1049.000000
2025-05-13T09:53:36.820,173688,0,27.000000,44.000000,1050.000000
2025-05-13T09:53:36.821,173689,0,35.000000,44.000000,1050.000000
2025-05-13T09:53:36.821,173690,0,-4.000000,24.000000,1007.000000
2025-05-13T09:53:36.821,173691,0,-4.000000,24.000000,1006.000000
2025-05-13T09:53:36.822,173692,0,-4.000000,35.000000,1006.000000
2025-05-13T09:53:36.822,173693,0,34.000000,16.000000,1048.000000
2025-05-13T09:53:36.823,173694,0,34.000000,16.000000,1018.000000
2025-05-13T09:53:36.823,173695,0,42.000000,41.000000,1026.000000
2025-05-13T09:53:36.823,173696,0,42.000000,28.000000,1001.000000
2025-05-13T09:53:36.824,173697,0,-4.000000,28.000000,1001.000000
2025-05-13T09:53:36.824,173698,0,-13.000000,22.000000,1013.000000
2025-05-13T09:53:36.825,173699,0,-13.000000,22.000000,1029.000000
2025-05-13T09:53:36.825,173700,0,-2.000000,36.000000,1029.000000
2025-05-13T09:53:36.825,173701,0,-2.000000,44.000000,1028.000000
2025-05-13T09:53:36.826,173702,0,-2.000000,44.000000,1028.000000
2025-05-13T09:53:36.826,173703,0,0.000000,18.000000,1009.000000
2025-05-13T09:53:36.826,173704,0,0.000000,18.000000,1002.000000
2025-05-13T09:53:36.827,173705,0,-6.000000,21.000000,1002.000000
2025-05-13T09:53:36.827,173706,0,14.000000,19.000000,1002.000000
2025-05-13T09:53:36.828,173707,0,14.000000,19.000000,1002.000000
2025-05-13T09:53:36.828,173708,0,40.000000,19.000000,1015.000000
2025-05-13T09:53:36.828,173709,0,40.000000,27.000000,982.000000
2025-05-13T09:53:36.829,173710,0,15.000000,27.000000,982.000000
2025-05-13T09:53:36.829,173711,0,-11.000000,20.000000,1008.000000
2025-05-13T09:53:36.830,173712,0,-11.000000,20.000000,1006.000000
2025-05-13T09:53:36.830,173713,0,-9.000000,26.000000,1006.000000
2025-05-13T09:53:36.830,173714,0,-9.000000,42.000000,1016.000000
2025-05-13T09:53:36.831,173715,0,39.000000,42.000000,1016.000000
2025-05-13T09:53:36.831,173716,0,10.000000,22.000000,1017.000000
2025-05-13T09:53:36.832,173717,0,10.000000,22.000000,1011.000000
2025-05-13T09:53:36.832,173718,0,-3.000000,22.000000,1011.000000
2025-05-13T09:53:36.832,173719,0,-10.000000,42.000000,998.000000
2025-05-13T09:53:36.833,173720,0,-10.000000,42.000000,998.000000
2025-05-13T09:53:36.833,173721,0,-9.000000,41.000000,1020.000000
2025-05-13T09:53:36.833,173722,0,-9.000000,18.000000,1026.000000
2025-05-13T09:53:36.834,173723,0,-4.000000,18.000000,1026.000000
2025-05-13T09:53:36.834,173724,0,14.000000,42.000000,1006.000000
2025-05-13T09:53:36.835,173725,0,14.000000,42.000000,1013.000000
2025-05-13T09:53:36.835,173726,0,33.000000,32.000000,1013.000000
2025-05-13T09:53:36.835,173727,0,33.000000,18.000000,985.000000
2025-05-13T09:53:36.836,173728,0,-4.000000,18.000000,985.000000
2025-05-13T09:53:36.836,173729,0,33.000000,25.000000,979.000000
2025-05-13T09:53:36.837,173730,0,33.000000,25.000000,1020.000000
2025-05-13T09:53:36.837,173731,0,-9.000000,23.000000,1020.000000
2025-05-13T09:53:36.837,173732,0,37.000000,42.000000,979.000000
2025-05-13T09:53:36.838,173733,0,37.000000,42.000000,979.000000
2025-05-13T09:53:36.838,173734,0,-7.000000,43.000000,967.000000
2025-05-13T09:53:36.839,173735,0,-7.000000,24.000000,982.000000
2025-05-13T09:53:36.839,173736,0,-13.000000,24.000000,982.000000
2025-05-13T09:53:36.839,173737,0,-3.000000,23.000000,1019.000000
2025-05-13T09:53:36.840,173738,0,-3.000000,23.000000,1017.000000
2025-05-13T09:53:36.840,173739,0,33.000000,16.000000,1017.000000
2025-05-13T09:53:36.841,173740,0,33.000000,34.000000,987.000000
2025-05-13T09:53:36.841,173741,0,40.000000,34.000000,987.000000
2025-05-13T09:53:36.841,173742,0,-11.000000,18.000000,975.000000
2025-05-13T09:53:36.842,173743,0,-11.000000,18.000000,1013.000000
2025-05-13T09:53:36.842,173744,0,-3.000000,23.000000,1013.000000
2025-05-13T09:53:36.842,173745,0,45.000000,42.000000,1024.000000
2025-05-13T09:53:36.843,173746,0,45.000000,42.000000,1024.000000
2025-05-13T09:53:36.843,173747,0,35.000000,17.000000,994.000000
2025-05-13T09:53:36.844,173748,0,35.000000,20.000000,972.000000
2025-05-13T09:53:36.844,173749,0,-5.000000,20.000000,972.000000
2025-05-13T09:53:36.844,173750,0,0.000000,15.000000,1017.000000
2025-05-13T09:53:36.845,173751,0,0.000000,15.000000,1013.000000
2025-05-13T09:53:36.845,173752,0,33.000000,18.000000,1013.000000
2025-05-13T09:53:36.846,173753,0,33.000000,21.000000,972.000000
2025-05-13T09:53:36.846,173754,0,-3.000000,21.000000,972.000000
2025-05-13T09:53:36.846,173755,0,-13.000000,22.000000,969.000000
2025-05-13T09:53:36.847,173756,0,-13.000000,22.000000,1001.000000
2025-05-13T09:53:36.847,173757,0,-8.000000,45.000000,1001.000000
2025-05-13T09:53:36.848,173758,0,42.000000,16.000000,974.000000
2025-05-13T09:53:36.848,173759,0,42.000000,16.000000,974.000000
2025-05-13T09:53:36.848,173760,0,0.000000,44.000000,991.000000
2025-05-13T09:53:36.849,173761,0,0.000000,19.000000,969.000000
2025-05-13T09:53:36.849,173762,0,12.000000,19.000000,969.000000
2025-05-13T09:53:36.850,173763,0,-3.000000,40.000000,1020.000000
2025-05-13T09:53:36.850,173764,0,-3.000000,40.000000,1014.000000
2025-05-13T09:53:36.850,173765,0,30.000000,24.000000,1014.000000
2025-05-13T09:53:36.851,173766,0,30.000000,18.000000,995.000000
2025-05-13T09:53:36.851,173767,0,33.000000,18.000000,995.000000
2025-05-13T09:53:36.851,173768,0,-10.000000,23.000000,1015.000000
2025-05-13T09:53:36.852,173769,0,-10.000000,23.000000,1016.000000
2025-05-13T09:53:36.852,173770,0,-9.000000,44.000000,1016.000000
2025-05-13T09:53:36.853,173771,0,38.000000,18.000000,981.000000
2025-05-13T09:53:36.853,173772,0,38.000000,18.000000,981.000000
2025-05-13T09:53:36.853,173773,0,-1.000000,19.000000,990.000000
2025-05-13T09:53:36.854,173774,0,-1.000000,18.000000,982.000000
2025-05-13T09:53:36.854,173775,0,-12.000000,18.000000,982.000000
2025-05-13T09:53:36.855,173776,0,-6.000000,41.000000,1000.000000
2025-05-13T09:53:36.855,173777,0,-6.000000,41.000000,974.000000
2025-05-13T09:53:36.855,173778,0,34.000000,45.000000,974.000000
2025-05-13T09:53:36.856,173779,0,34.000000,18.000000,997.000000
2025-05-13T09:53:36.856,173780,0,32.000000,18.000000,997.000000
2025-05-13T09:53:36.856,173781,0,-3.000000,18.000000,970.000000
2025-05-13T09:53:36.857,173782,0,-3.000000,18.000000,1025.000000
2025-05-13T09:53:36.857,173783,0,-1.000000,23.000000,1025.000000
2025-05-13T09:53:36.858,173784,0,33.000000,19.000000,1016.000000
2025-05-13T09:53:36.858,173785,0,33.000000,19.000000,1016.000000
2025-05-13T09:53:36.858,173786,0,37.000000,27.000000,997.000000
2025-05-13T09:53:36.859,173787,0,37.000000,25.000000,977.000000
2025-05-13T09:53:36.859,173788,0,13.000000,25.000000,977.000000
2025-05-13T09:53:36.860,173789,0,0.000000,43.000000,1007.000000
2025-05-13T09:53:36.860,173790,0,0.000000,43.000000,1007.000000
2025-05-13T09:53:36.860,173791,0,18.000000,44.000000,1014.000000
2025-05-13T09:53:36.861,173792,0,18.000000,17.000000,995.000000
2025-05-13T09:53:36.861,173793,0,35.000000,17.000000,995.000000
2025-05-13T09:53:36.862,173794,0,31.000000,19.000000,1021.000000
2025-05-13T09:53:36.862,173795,0,31.000000,19.000000,1021.000000
2025-05-13T09:53:36.862,173796,0,-6.000000,17.000000,1021.000000
2025-05-13T09:53:36.863,173797,0,24.000000,16.000000,1016.000000
2025-05-13T09:53:36.863,173798,0,42.000000,16.000000,1016.000000
2025-05-13T09:53:36.864,173799,0,32.000000,44.000000,977.000000
2025-05-13T09:53:36.864,173800,0,32.000000,44.000000,1018.000000
2025-05-13T09:53:36.864,173801,0,-3.000000,20.000000,1018.000000
2025-05-13T09:53:36.865,173802,0,-9.000000,15.000000,1004.000000
2025-05-13T09:53:36.865,173803,0,-9.000000,15.000000,1004.000000
2025-05-13T09:53:36.866,173804,0,33.000000,28.000000,1014.000000
2025-05-13T09:53:36.866,173805,0,33.000000,41.000000,976.000000
2025-05-13T09:53:36.866,173806,0,-1.000000,41.000000,976.000000
2025-05-13T09:53:36.867,173807,0,12.000000,16.000000,1001.000000
2025-05-13T09:53:36.867,173808,0,12.000000,16.000000,1003.000000
2025-05-13T09:53:36.867,173809,0,37.000000,40.000000,1003.000000
2025-05-13T09:53:36.868,173810,0,37.000000,18.000000,1015.000000
2025-05-13T09:53:36.868,173811,0,31.000000,18.000000,1015.000000
2025-05-13T09:53:36.869,173812,0,32.000000,19.000000,1020.000000
2025-05-13T09:53:36.869,173813,0,32.000000,19.000000,1026.000000
2025-05-13T09:53:36.869,173814,0,0.000000,25.000000,1026.000000
2025-05-13T09:53:36.870,173815,0,31.000000,16.000000,1000.000000
2025-05-13T09:53:36.870,173816,0,31.000000,16.000000,1000.000000
2025-05-13T09:53:36.871,173817,0,37.000000,16.000000,1022.000000
2025-05-13T09:53:36.871,173818,0,37.000000,23.000000,980.000000
2025-05-13T09:53:36.871,173819,0,0.000000,23.000000,980.000000
2025-05-13T09:53:36.872,173820,0,-2.000000,43.000000,1004.000000
2025-05-13T09:53:36.872,173821,0,-2.000000,43.000000,1013.000000
2025-05-13T09:53:36.872,173822,0,-3.000000,30.000000,1013.000000
2025-05-13T09:53:36.873,173823,0,-3.000000,18.000000,1014.000000
2025-05-13T09:53:36.873,173824,0,41.000000,18.000000,1014.000000
2025-05-13T09:53:36.874,173825,0,-14.000000,22.000000,1026.000000
2025-05-13T09:53:36.874,173826,0,-14.000000,22.000000,1006.000000
2025-05-13T09:53:36.874,173827,0,-1.000000,18.000000,1006.000000
2025-05-13T09:53:36.875,173828,0,41.000000,15.000000,998.000000
2025-05-13T09:53:36.875,173829,0,41.000000,15.000000,998.000000
2025-05-13T09:53:36.876,173830,0,38.000000,24.000000,1025.000000
2025-05-13T09:53:36.876,173831,0,38.000000,43.000000,1025.000000
2025-05-13T09:53:36.876,173832,0,31.000000,43.000000,1025.000000
2025-05-13T09:53:36.877,173833,0,-9.000000,44.000000,1047.000000
2025-05-13T09:53:36.877,173834,0,-9.000000,44.000000,1011.000000
2025-05-13T09:53:36.878,173835,0,41.000000,31.000000,1011.000000
2025-05-13T09:53:36.878,173836,0,41.000000,44.000000,1027.000000
2025-05-13T09:53:36.878,173837,0,32.000000,44.000000,1027.000000
2025-05-13T09:53:36.879,173838,0,32.000000,26.000000,1004.000000
2025-05-13T09:53:36.879,173839,0,32.000000,26.000000,1029.000000
2025-05-13T09:53:36.880,173840,0,-12.000000,20.000000,1029.000000
2025-05-13T09:53:36.880,173841,0,40.000000,18.000000,1006.000000
2025-05-13T09:53:36.880,173842,0,40.000000,18.000000,1006.000000
2025-05-13T09:53:36.881,173843,0,33.000000,18.000000,1028.000000
2025-05-13T09:53:36.881,173844,0,33.000000,16.000000,999.000000
2025-05-13T09:53:36.881,173845,0,32.000000,16.000000,999.000000
2025-05-13T09:53:36.882,173846,0,31.000000,29.000000,1008.000000
2025-05-13T09:53:36.882,173847,0,31.000000,29.000000,1024.000000
2025-05-13T09:53:36.883,173848,0,-4.000000,16.000000,1024.000000
2025-05-13T09:53:36.883,173849,0,-4.000000,45.000000,980.000000
2025-05-13T09:53:36.883,173850,0,39.000000,45.000000,980.000000
2025-05-13T09:53:36.884,173851,0,11.000000,62.000000,1026.000000
2025-05-13T09:53:36.884,173852,0,11.000000,62.000000,1052.000000
2025-05-13T09:53:36.885,173853,0,-2.000000,17.000000,1052.000000
2025-05-13T09:53:36.885,173854,0,40.000000,40.000000,1029.000000
2025-05-13T09:53:36.885,173855,0,40.000000,40.000000,1029.000000
2025-05-13T09:53:36.886,173856,0,41.000000,23.000000,980.000000
2025-05-13T09:53:36.886,173857,0,41.000000,30.000000,1022.000000
2025-05-13T09:53:36.887,173858,0,-8.000000,30.000000,1022.000000
2025-05-13T09:53:36.887,173859,0,36.000000,22.000000,1005.000000
2025-05-13T09:53:36.887,173860,0,36.000000,22.000000,1027.000000
2025-05-13T09:53:36.888,173861,0,43.000000,44.000000,1027.000000
2025-05-13T09:53:36.888,173862,0,43.000000,45.000000,1024.000000
2025-05-13T09:53:36.889,173863,0,0.000000,45.000000,1024.000000
2025-05-13T09:53:36.889,173864,0,34.000000,45.000000,1027.000000
2025-05-13T09:53:36.889,173865,0,34.000000,45.000000,1053.000000
2025-05-13T09:53:36.890,173866,0,-7.000000,16.000000,1053.000000
2025-05-13T09:53:36.890,173867,0,42.000000,42.000000,1020.000000
2025-05-13T09:53:36.890,173868,0,42.000000,42.000000,1020.000000
2025-05-13T09:53:36.891,173869,0,36.000000,21.000000,976.000000
2025-05-13T09:53:36.891,173870,0,36.000000,20.000000,1000.000000
2025-05-13T09:53:36.892,173871,0,-6.000000,20.000000,1000.000000
2025-05-13T09:53:36.892,173872,0,33.000000,43.000000,1012.000000
2025-05-13T09:53:36.892,173873,0,33.000000,43.000000,980.000000
2025-05-13T09:53:36.893,173874,0,0.000000,20.000000,980.000000
2025-05-13T09:53:36.893,173875,0,0.000000,20.000000,974.000000
2025-05-13T09:53:36.894,173876,0,33.000000,20.000000,974.000000
2025-05-13T09:53:36.894,173877,0,-5.000000,22.000000,1020.000000
2025-05-13T09:53:36.894,173878,0,-5.000000,22.000000,1001.000000
2025-05-13T09:53:36.895,173879,0,34.000000,39.000000,1001.000000
2025-05-13T09:53:36.895,173880,0,30.000000,42.000000,1022.000000
2025-05-13T09:53:36.896,173881,0,30.000000,42.000000,1022.000000
2025-05-13T09:53:36.896,173882,0,33.000000,21.000000,994.000000
2025-05-13T09:53:36.896,173883,0,33.000000,29.000000,1024.000000
2025-05-13T09:53:36.897,173884,0,-12.000000,29.000000,1024.000000
2025-05-13T09:53:36.897,173885,0,-3.000000,44.000000,1011.000000
2025-05-13T09:53:36.897,173886,0,-3.000000,44.000000,1011.000000
2025-05-13T09:53:36.898,173887,0,18.000000,16.000000,1016.000000
2025-05-13T09:53:36.898,173888,0,18.000000,61.000000,972.000000
2025-05-13T09:53:36.899,173889,0,0.000000,61.000000,972.000000
2025-05-13T09:53:36.899,173890,0,-5.000000,25.000000,1024.000000
2025-05-13T09:53:36.899,173891,0,-5.000000,25.000000,1018.000000
2025-05-13T09:53:36.900,173892,0,-5.000000,21.000000,1018.000000
2025-05-13T09:53:36.900,173893,0,25.000000,18.000000,978.000000
2025-05-13T09:53:36.901,173894,0,41.000000,18.000000,978.000000
2025-05-13T09:53:36.901,173895,0,-9.000000,15.000000,1016.000000
2025-05-13T09:53:36.901,173896,0,-9.000000,15.000000,1022.000000
2025-05-13T09:53:36.902,173897,0,-8.000000,18.000000,1022.000000
2025-05-13T09:53:36.902,173898,0,31.000000,34.000000,999.000000
2025-05-13T09:53:36.903,173899,0,31.000000,34.000000,969.000000
2025-05-13T09:53:36.903,173900,0,41.000000,38.000000,975.000000
2025-05-13T09:53:36.903,173901,0,41.000000,43.000000,992.000000
2025-05-13T09:53:36.904,173902,0,35.000000,43.000000,992.000000
2025-05-13T09:53:36.904,173903,0,-15.000000,16.000000,1023.000000
2025-05-13T09:53:36.904,173904,0,-15.000000,16.000000,1019.000000
2025-05-13T09:53:36.905,173905,0,32.000000,40.000000,1019.000000
2025-05-13T09:53:36.905,173906,0,1.000000,17.000000,976.000000
2025-05-13T09:53:36.906,173907,0,-1.000000,17.000000,976.000000
2025-05-13T09:53:36.906,173908,0,-1.000000,18.000000,982.000000
2025-05-13T09:53:36.906,173909,0,-1.000000,18.000000,1021.000000
2025-05-13T09:53:36.907,173910,0,-4.000000,16.000000,1021.000000
2025-05-13T09:53:36.907,173911,0,-5.000000,21.000000,1014.000000
2025-05-13T09:53:36.908,173912,0,-5.000000,21.000000,983.000000
2025-05-13T09:53:36.908,173913,0,36.000000,19.000000,996.000000
2025-05-13T09:53:36.908,173914,0,36.000000,29.000000,993.000000
2025-05-13T09:53:36.909,173915,0,0.000000,29.000000,993.000000
2025-05-13T09:53:36.909,173916,0,-6.000000,38.000000,997.000000
2025-05-13T09:53:36.910,173917,0,-6.000000,38.000000,1020.000000
2025-05-13T09:53:36.910,173918,0,37.000000,45.000000,1020.000000
2025-05-13T09:53:36.910,173919,0,37.000000,17.000000,996.000000
2025-05-13T09:53:36.911,173920,0,41.000000,17.000000,996.000000
2025-05-13T09:53:36.911,173921,0,-1.000000,18.000000,972.000000
2025-05-13T09:53:36.912,173922,0,-1.000000,18.000000,1021.000000
2025-05-13T09:53:36.912,173923,0,-2.000000,18.000000,1021.000000
2025-05-13T09:53:36.912,173924,0,-3.000000,18.000000,977.000000
2025-05-13T09:53:36.913,173925,0,-3.000000,18.000000,977.000000
2025-05-13T09:53:36.913,173926,0,36.000000,42.000000,974.000000
2025-05-13T09:53:36.913,173927,0,36.000000,24.000000,974.000000
2025-05-13T09:53:36.914,173928,0,-1.000000,24.000000,974.000000
2025-05-13T09:53:36.914,173929,0,-9.000000,19.000000,999.000000
2025-05-13T09:53:36.915,173930,0,-9.000000,19.000000,1018.000000
2025-05-13T09:53:36.915,173931,0,-8.000000,45.000000,1018.000000
2025-05-13T09:53:36.915,173932,0,-8.000000,17.000000,973.000000
2025-05-13T09:53:36.916,173933,0,41.000000,17.000000,973.000000
2025-05-13T09:53:36.916,173934,0,13.000000,17.000000,981.000000
2025-05-13T09:53:36.917,173935,0,13.000000,17.000000,1027.000000
2025-05-13T09:53:36.917,173936,0,32.000000,41.000000,1027.000000
2025-05-13T09:53:36.917,173937,0,0.000000,16.000000,1015.000000
2025-05-13T09:53:36.918,173938,0,0.000000,16.000000,1015.000000
2025-05-13T09:53:36.918,173939,0,36.000000,18.000000,982.000000
2025-05-13T09:53:36.919,173940,0,36.000000,23.000000,982.000000
2025-05-13T09:53:36.919,173941,0,0.000000,23.000000,982.000000
2025-05-13T09:53:36.919,173942,0,-7.000000,42.000000,1003.000000
2025-05-13T09:53:36.920,173943,0,-7.000000,42.000000,1015.000000
2025-05-13T09:53:36.920,173944,0,37.000000,34.000000,1015.000000
2025-05-13T09:53:36.920,173945,0,37.000000,42.000000,974.000000
2025-05-13T09:53:36.921,173946,0,-7.000000,42.000000,974.000000
2025-05-13T09:53:36.921,173947,0,30.000000,20.000000,976.000000
2025-05-13T09:53:36.922,173948,0,30.000000,20.000000,1004.000000
2025-05-13T09:53:36.922,173949,0,-14.000000,23.000000,1004.000000
2025-05-13T09:53:36.922,173950,0,34.000000,44.000000,1017.000000
2025-05-13T09:53:36.923,173951,0,34.000000,44.000000,1017.000000
2025-05-13T09:53:36.923,173952,0,-6.000000,15.000000,968.000000
2025-05-13T09:53:36.924,173953,0,-6.000000,44.000000,1017.000000
2025-05-13T09:53:36.924,173954,0,-1.000000,44.000000,1017.000000
2025-05-13T09:53:36.924,173955,0,34.000000,45.000000,1026.000000
2025-05-13T09:53:36.925,173956,0,34.000000,45.000000,1027.000000
2025-05-13T09:53:36.925,173957,0,38.000000,43.000000,1027.000000
2025-05-13T09:53:36.926,173958,0,38.000000,40.000000,991.000000
2025-05-13T09:53:36.926,173959,0,38.000000,40.000000,991.000000
2025-05-13T09:53:36.926,173960,0,11.000000,16.000000,1015.000000
2025-05-13T09:53:36.927,173961,0,11.000000,16.000000,1001.000000
2025-05-13T09:53:36.927,173962,0,-1.000000,18.000000,1001.000000
2025-05-13T09:53:36.928,173963,0,41.000000,34.000000,999.000000
2025-05-13T09:53:36.928,173964,0,41.000000,34.000000,999.000000
2025-05-13T09:53:36.928,173965,0,31.000000,19.000000,972.000000
2025-05-13T09:53:36.929,173966,0,31.000000,18.000000,976.000000
2025-05-13T09:53:36.929,173967,0,-2.000000,18.000000,976.000000
2025-05-13T09:53:36.929,173968,0,-6.000000,39.000000,1019.000000
2025-05-13T09:53:36.930,173969,0,-6.000000,39.000000,1015.000000
2025-05-13T09:53:36.930,173970,0,31.000000,43.000000,1015.000000
2025-05-13T09:53:36.931,173971,0,31.000000,15.000000,982.000000
2025-05-13T09:53:36.931,173972,0,41.000000,15.000000,982.000000
2025-05-13T09:53:36.931,173973,0,14.000000,22.000000,980.000000
2025-05-13T09:53:36.932,173974,0,14.000000,22.000000,1007.000000
2025-05-13T09:53:36.932,173975,0,-5.000000,43.000000,1007.000000
2025-05-13T09:53:36.933,173976,0,36.000000,38.000000,1016.000000
2025-05-13T09:53:36.933,173977,0,36.000000,38.000000,1016.000000
2025-05-13T09:53:36.933,173978,0,45.000000,16.000000,972.000000
2025-05-13T09:53:36.934,173979,0,45.000000,27.000000,1022.000000
2025-05-13T09:53:36.934,173980,0,-11.000000,27.000000,1022.000000
2025-05-13T09:53:36.935,173981,0,-9.000000,15.000000,1001.000000
2025-05-13T09:53:36.935,173982,0,-9.000000,15.000000,1005.000000
2025-05-13T09:53:36.935,173983,0,0.000000,17.000000,1005.000000
2025-05-13T09:53:36.936,173984,0,0.000000,45.000000,1022.000000
2025-05-13T09:53:36.936,173985,0,-3.000000,45.000000,1022.000000
2025-05-13T09:53:36.936,173986,0,0.000000,23.000000,1000.000000
2025-05-13T09:53:36.937,173987,0,0.000000,23.000000,1004.000000
2025-05-13T09:53:36.937,173988,0,-4.000000,18.000000,1004.000000
2025-05-13T09:53:36.938,173989,0,38.000000,41.000000,1003.000000
2025-05-13T09:53:36.938,173990,0,38.000000,41.000000,1003.000000
2025-05-13T09:53:36.938,173991,0,-6.000000,22.000000,973.000000
2025-05-13T09:53:36.939,173992,0,-6.000000,42.000000,1016.000000
2025-05-13T09:53:36.939,173993,0,-12.000000,42.000000,1016.000000
2025-05-13T09:53:36.940,173994,0,31.000000,17.000000,1045.000000
2025-05-13T09:53:36.940,173995,0,31.000000,17.000000,1003.000000
2025-05-13T09:53:36.940,173996,0,38.000000,43.000000,1003.000000
2025-05-13T09:53:36.941,173997,0,38.000000,21.000000,1027.000000
2025-05-13T09:53:36.941,173998,0,-5.000000,21.000000,1027.000000
2025-05-13T09:53:36.942,173999,0,-12.000000,24.000000,1023.000000
2025-05-13T09:53:36.942,174000,0,-12.000000,24.000000,1009.000000
2025-05-13T09:53:36.942,174001,0,-8.000000,18.000000,1009.000000
2025-05-13T09:53:36.943,174002,0,-3.000000,17.000000,1023.000000
2025-05-13T09:53:36.943,174003,0,-3.000000,17.000000,1023.000000
2025-05-13T09:53:36.944,174004,0,32.000000,61.000000,981.000000
2025-05-13T09:53:36.944,174005,0,32.000000,24.000000,1028.000000
2025-05-13T09:53:36.944,174006,0,-12.000000,24.000000,1028.000000
2025-05-13T09:53:36.945,174007,0,-1.000000,42.000000,1053.000000
2025-05-13T09:53:36.945,174008,0,-1.000000,42.000000,1027.000000
2025-05-13T09:53:36.945,174009,0,36.000000,45.000000,1027.000000
2025-05-13T09:53:36.946,174010,0,36.000000,16.000000,980.000000
2025-05-13T09:53:36.946,174011,0,-4.000000,16.000000,980.000000
2025-05-13T09:53:36.947,174012,0,-12.000000,42.000000,1021.000000
2025-05-13T09:53:36.947,174013,0,-12.000000,42.000000,1002.000000
2025-05-13T09:53:36.947,174014,0,-5.000000,43.000000,1002.000000
2025-05-13T09:53:36.948,174015,0,-3.000000,16.000000,998.000000
2025-05-13T09:53:36.948,174016,0,-3.000000,16.000000,998.000000
2025-05-13T09:53:36.949,174017,0,-9.000000,28.000000,1018.000000
2025-05-13T09:53:36.949,174018,0,-9.000000,28.000000,1019.000000
2025-05-13T09:53:36.949,174019,0,12.000000,20.000000,1019.000000
2025-05-13T09:53:36.950,174020,0,-10.000000,38.000000,1011.000000
2025-05-13T09:53:36.950,174021,0,-10.000000,38.000000,1011.000000
2025-05-13T09:53:36.951,174022,0,41.000000,44.000000,1025.000000
2025-05-13T09:53:36.951,174023,0,41.000000,28.000000,973.000000
2025-05-13T09:53:36.951,174024,0,33.000000,28.000000,973.000000
2025-05-13T09:53:36.952,174025,0,-3.000000,20.000000,1004.000000
2025-05-13T09:53:36.952,174026,0,-3.000000,20.000000,1001.000000
2025-05-13T09:53:36.952,174027,0,-3.000000,20.000000,1001.000000
2025-05-13T09:53:36.953,174028,0,27.000000,44.000000,1013.000000
2025-05-13T09:53:36.953,174029,0,33.000000,44.000000,1013.000000
2025-05-13T09:53:36.954,174030,0,-4.000000,42.000000,976.000000
2025-05-13T09:53:36.954,174031,0,-4.000000,42.000000,1019.000000
2025-05-13T09:53:36.954,174032,0,12.000000,22.000000,1019.000000
2025-05-13T09:53:36.955,174033,0,-5.000000,34.000000,1011.000000
2025-05-13T09:53:36.955,174034,0,-5.000000,34.000000,1011.000000
2025-05-13T09:53:36.956,174035,0,35.000000,18.000000,1020.000000
2025-05-13T09:53:36.956,174036,0,35.000000,24.000000,994.000000
2025-05-13T09:53:36.956,174037,0,31.000000,24.000000,994.000000
2025-05-13T09:53:36.957,174038,0,-14.000000,20.000000,1022.000000
2025-05-13T09:53:36.957,174039,0,-14.000000,20.000000,1016.000000
2025-05-13T09:53:36.958,174040,0,-3.000000,43.000000,1016.000000
2025-05-13T09:53:36.958,174041,0,-3.000000,42.000000,1018.000000
2025-05-13T09:53:36.958,174042,0,0.000000,42.000000,1018.000000
2025-05-13T09:53:36.959,174043,0,35.000000,18.000000,967.000000
2025-05-13T09:53:36.959,174044,0,35.000000,18.000000,1019.000000
2025-05-13T09:53:36.959,174045,0,-10.000000,18.000000,1019.000000
2025-05-13T09:53:36.960,174046,0,33.000000,42.000000,1006.000000
2025-05-13T09:53:36.960,174047,0,33.000000,42.000000,975.000000
2025-05-13T09:53:36.961,174048,0,34.000000,20.000000,978.000000
2025-05-13T09:53:36.961,174049,0,34.000000,22.000000,997.000000
2025-05-13T09:53:36.962,174050,0,0.000000,22.000000,997.000000
2025-05-13T09:53:36.962,174051,0,7.000000,24.000000,1024.000000
2025-05-13T09:53:36.962,174052,0,7.000000,24.000000,1027.000000
2025-05-13T09:53:36.963,174053,0,-5.000000,44.000000,1027.000000
2025-05-13T09:53:36.963,174054,0,24.000000,39.000000,1018.000000
2025-05-13T09:53:36.963,174055,0,32.000000,39.000000,1018.000000
2025-05-13T09:53:36.964,174056,0,-5.000000,17.000000,981.000000
2025-05-13T09:53:36.964,174057,0,-5.000000,17.000000,980.000000
2025-05-13T09:53:36.965,174058,0,-6.000000,40.000000,980.000000
2025-05-13T09:53:36.965,174059,0,-8.000000,34.000000,1026.000000
2025-05-13T09:53:36.965,174060,0,-8.000000,34.000000,995.000000
2025-05-13T09:53:36.966,174061,0,17.000000,18.000000,977.000000
2025-05-13T09:53:36.966,174062,0,17.000000,28.000000,992.000000
2025-05-13T09:53:36.967,174063,0,31.000000,28.000000,992.000000
2025-05-13T09:53:36.967,174064,0,3.000000,26.000000,1022.000000
2025-05-13T09:53:36.967,174065,0,3.000000,26.000000,1022.000000
2025-05-13T09:53:36.968,174066,0,30.000000,43.000000,1022.000000
2025-05-13T09:53:36.968,174067,0,0.000000,40.000000,1016.000000
2025-05-13T09:53:36.968,174068,0,-10.000000,40.000000,1016.000000
2025-05-13T09:53:36.969,174069,0,-1.000000,24.000000,979.000000
2025-05-13T09:53:36.969,174070,0,-1.000000,24.000000,1015.000000
2025-05-13T09:53:36.970,174071,0,0.000000,40.000000,1015.000000
2025-05-13T09:53:36.970,174072,0,31.000000,43.000000,1002.000000
2025-05-13T09:53:36.970,174073,0,31.000000,43.000000,971.000000
2025-05-13T09:53:36.971,174074,0,34.000000,17.000000,977.000000
2025-05-13T09:53:36.971,174075,0,34.000000,19.000000,979.000000
2025-05-13T09:53:36.972,174076,0,34.000000,19.000000,979.000000
2025-05-13T09:53:36.972,174077,0,14.000000,17.000000,1014.000000
2025-05-13T09:53:36.972,174078,0,14.000000,17.000000,1024.000000
2025-05-13T09:53:36.973,174079,0,-4.000000,34.000000,1024.000000
2025-05-13T09:53:36.973,174080,0,-4.000000,37.000000,980.000000
2025-05-13T09:53:36.974,174081,0,-15.000000,37.000000,980.000000
2025-05-13T09:53:36.974,174082,0,-4.000000,16.000000,1018.000000
2025-05-13T09:53:36.974,174083,0,-4.000000,16.000000,1019.000000
2025-05-13T09:53:36.975,174084,0,-10.000000,44.000000,1019.000000
2025-05-13T09:53:36.975,174085,0,-5.000000,16.000000,1027.000000
2025-05-13T09:53:36.975,174086,0,-5.000000,16.000000,997.000000
2025-05-13T09:53:36.976,174087,0,44.000000,18.000000,979.000000
2025-05-13T09:53:36.976,174088,0,44.000000,16.000000,968.000000
2025-05-13T09:53:36.977,174089,0,-8.000000,16.000000,968.000000
2025-05-13T09:53:36.977,174090,0,-14.000000,42.000000,1018.000000
2025-05-13T09:53:36.977,174091,0,-14.000000,42.000000,1000.000000
2025-05-13T09:53:36.978,174092,0,36.000000,36.000000,1000.000000
2025-05-13T09:53:36.978,174093,0,36.000000,45.000000,1014.000000
2025-05-13T09:53:36.979,174094,0,34.000000,45.000000,1014.000000
2025-05-13T09:53:36.979,174095,0,-9.000000,42.000000,981.000000
2025-05-13T09:53:36.979,174096,0,-9.000000,42.000000,979.000000
2025-05-13T09:53:36.980,174097,0,-5.000000,45.000000,979.000000
2025-05-13T09:53:36.980,174098,0,-4.000000,38.000000,981.000000
2025-05-13T09:53:36.981,174099,0,-4.000000,38.000000,981.000000
2025-05-13T09:53:36.981,174100,0,35.000000,43.000000,1022.000000
2025-05-13T09:53:36.981,174101,0,35.000000,45.000000,969.000000
2025-05-13T09:53:36.982,174102,0,-3.000000,45.000000,969.000000
2025-05-13T09:53:36.982,174103,0,-11.000000,44.000000,1002.000000
2025-05-13T09:53:36.982,174104,0,-11.000000,44.000000,1021.000000
2025-05-13T09:53:36.983,174105,0,-5.000000,32.000000,1021.000000
2025-05-13T09:53:36.983,174106,0,-5.000000,35.000000,981.000000
2025-05-13T09:53:36.984,174107,0,44.000000,35.000000,981.000000
2025-05-13T09:53:36.984,174108,0,14.000000,23.000000,1017.000000
2025-05-13T09:53:36.984,174109,0,14.000000,23.000000,1026.000000
2025-05-13T09:53:36.985,174110,0,-13.000000,42.000000,1026.000000
2025-05-13T09:53:36.985,174111,0,-2.000000,32.000000,1016.000000
2025-05-13T09:53:36.986,174112,0,-2.000000,32.000000,1016.000000
2025-05-13T09:53:36.986,174113,0,33.000000,44.000000,1019.000000
2025-05-13T09:53:36.986,174114,0,33.000000,43.000000,978.000000
2025-05-13T09:53:36.987,174115,0,-12.000000,43.000000,978.000000
2025-05-13T09:53:36.987,174116,0,-11.000000,22.000000,1000.000000
2025-05-13T09:53:36.988,174117,0,-11.000000,22.000000,1023.000000
2025-05-13T09:53:36.988,174118,0,34.000000,41.000000,1023.000000
2025-05-13T09:53:36.988,174119,0,34.000000,17.000000,981.000000
2025-05-13T09:53:36.989,174120,0,36.000000,17.000000,981.000000
2025-05-13T09:53:36.989,174121,0,-7.000000,19.000000,973.000000
2025-05-13T09:53:36.990,174122,0,-7.000000,19.000000,1026.000000
2025-05-13T09:53:36.990,174123,0,32.000000,45.000000,1026.000000
2025-05-13T09:53:36.990,174124,0,-3.000000,37.000000,981.000000
2025-05-13T09:53:36.991,174125,0,-3.000000,37.000000,981.000000
2025-05-13T09:53:36.991,174126,0,-4.000000,17.000000,1020.000000
2025-05-13T09:53:36.991,174127,0,-4.000000,22.000000,1013.000000
2025-05-13T09:53:36.992,174128,0,-8.000000,22.000000,1013.000000
2025-05-13T09:53:36.992,174129,0,-11.000000,17.000000,1008.000000
2025-05-13T09:53:36.993,174130,0,-11.000000,17.000000,1002.000000
2025-05-13T09:53:36.993,174131,0,35.000000,37.000000,1002.000000
2025-05-13T09:53:36.993,174132,0,35.000000,40.000000,1022.000000
2025-05-13T09:53:36.994,174133,0,34.000000,40.000000,1022.000000
2025-05-13T09:53:36.994,174134,0,-14.000000,44.000000,973.000000
2025-05-13T09:53:36.995,174135,0,-14.000000,44.000000,1027.000000
2025-05-13T09:53:36.995,174136,0,-8.000000,43.000000,1027.000000
2025-05-13T09:53:36.995,174137,0,0.000000,37.000000,1021.000000
2025-05-13T09:53:36.996,174138,0,0.000000,37.000000,1021.000000
2025-05-13T09:53:36.996,174139,0,35.000000,43.000000,980.000000
2025-05-13T09:53:36.997,174140,0,35.000000,39.000000,1016.000000
2025-05-13T09:53:36.997,174141,0,30.000000,39.000000,1016.000000
2025-05-13T09:53:36.997,174142,0,-11.000000,18.000000,1001.000000
2025-05-13T09:53:36.998,174143,0,-11.000000,18.000000,1022.000000
2025-05-13T09:53:36.998,174144,0,43.000000,37.000000,1022.000000
2025-05-13T09:53:36.999,174145,0,43.000000,20.000000,970.000000
2025-05-13T09:53:36.999,174146,0,-5.000000,20.000000,970.000000
2025-05-13T09:53:36.999,174147,0,-6.000000,18.000000,975.000000
2025-05-13T09:53:37.000,174148,0,-6.000000,18.000000,1004.000000
2025-05-13T09:53:37.000,174149,0,-7.000000,21.000000,1004.000000
2025-05-13T09:53:37.000,174150,0,41.000000,44.000000,1023.000000
2025-05-13T09:53:37.001,174151,0,41.000000,44.000000,1023.000000
2025-05-13T09:53:37.001,174152,0,35.000000,17.000000,1023.000000
2025-05-13T09:53:37.002,174153,0,35.000000,24.000000,1025.000000
2025-05-13T09:53:37.002,174154,0,34.000000,24.000000,1025.000000
2025-05-13T09:53:37.002,174155,0,-8.000000,18.000000,1027.000000
2025-05-13T09:53:37.003,174156,0,-8.000000,18.000000,1003.000000
2025-05-13T09:53:37.003,174157,0,45.000000,16.000000,1003.000000
2025-05-13T09:53:37.004,174158,0,45.000000,42.000000,968.000000
2025-05-13T09:53:37.004,174159,0,33.000000,42.000000,968.000000
2025-05-13T09:53:37.004,174160,0,-2.000000,17.000000,1025.000000
2025-05-13T09:53:37.005,174161,0,-2.000000,17.000000,1001.000000
2025-05-13T09:53:37.005,174162,0,-5.000000,41.000000,1001.000000
2025-05-13T09:53:37.006,174163,0,37.000000,36.000000,1025.000000
2025-05-13T09:53:37.006,174164,0,37.000000,36.000000,1025.000000
2025-05-13T09:53:37.006,174165,0,31.000000,43.000000,974.000000
2025-05-13T09:53:37.007,174166,0,31.000000,16.000000,1024.000000
2025-05-13T09:53:37.008,174167,0,-2.000000,16.000000,1024.000000
2025-05-13T09:53:37.008,174168,0,33.000000,17.000000,1023.000000
2025-05-13T09:53:37.008,174169,0,33.000000,17.000000,1027.000000
2025-05-13T09:53:37.008,174170,0,-5.000000,16.000000,1027.000000
2025-05-13T09:53:37.009,174171,0,-5.000000,42.000000,973.000000
2025-05-13T09:53:37.009,174172,0,38.000000,42.000000,973.000000
2025-05-13T09:53:37.009,174173,0,6.000000,27.000000,1021.000000
2025-05-13T09:53:37.010,174174,0,6.000000,27.000000,1026.000000
2025-05-13T09:53:37.010,174175,0,-5.000000,22.000000,1026.000000
2025-05-13T09:53:37.011,174176,0,36.000000,37.000000,1020.000000
2025-05-13T09:53:37.011,174177,0,36.000000,37.000000,1020.000000
2025-05-13T09:53:37.011,174178,0,32.000000,42.000000,970.000000
2025-05-13T09:53:37.012,174179,0,32.000000,17.000000,975.000000
2025-05-13T09:53:37.012,174180,0,-12.000000,17.000000,975.000000
2025-05-13T09:53:37.013,174181,0,-3.000000,25.000000,1001.000000
2025-05-13T09:53:37.013,174182,0,-3.000000,25.000000,1025.000000
2025-05-13T09:53:37.013,174183,0,-3.000000,21.000000,1025.000000
2025-05-13T09:53:37.014,174184,0,-3.000000,45.000000,1019.000000
2025-05-13T09:53:37.014,174185,0,-3.000000,45.000000,1019.000000
2025-05-13T09:53:37.014,174186,0,-14.000000,27.000000,982.000000
2025-05-13T09:53:37.015,174187,0,-14.000000,27.000000,1005.000000
2025-05-13T09:53:37.015,174188,0,-4.000000,19.000000,1005.000000
2025-05-13T09:53:37.016,174189,0,0.000000,42.000000,980.000000
2025-05-13T09:53:37.016,174190,0,0.000000,42.000000,980.000000
2025-05-13T09:53:37.016,174191,0,35.000000,17.000000,980.000000
2025-05-13T09:53:37.017,174192,0,35.000000,22.000000,1020.000000
2025-05-13T09:53:37.017,174193,0,-13.000000,22.000000,1020.000000
2025-05-13T09:53:37.018,174194,0,-13.000000,19.000000,1025.000000
2025-05-13T09:53:37.018,174195,0,-13.000000,19.000000,1014.000000
2025-05-13T09:53:37.018,174196,0,-8.000000,42.000000,1014.000000
2025-05-13T09:53:37.019,174197,0,-8.000000,20.000000,975.000000
2025-05-13T09:53:37.019,174198,0,-12.000000,20.000000,975.000000
2025-05-13T09:53:37.020,174199,0,-4.000000,45.000000,1019.000000
2025-05-13T09:53:37.020,174200,0,-4.000000,45.000000,1007.000000
2025-05-13T09:53:37.020,174201,0,-9.000000,36.000000,1007.000000
2025-05-13T09:53:37.021,174202,0,45.000000,39.000000,1023.000000
2025-05-13T09:53:37.021,174203,0,45.000000,39.000000,1023.000000
2025-05-13T09:53:37.021,174204,0,34.000000,22.000000,975.000000
2025-05-13T09:53:37.022,174205,0,34.000000,18.000000,1017.000000
2025-05-13T09:53:37.022,174206,0,14.000000,18.000000,1017.000000
2025-05-13T09:53:37.023,174207,0,-7.000000,34.000000,1011.000000
2025-05-13T09:53:37.023,174208,0,-7.000000,34.000000,1019.000000
2025-05-13T09:53:37.023,174209,0,-7.000000,15.000000,1019.000000
2025-05-13T09:53:37.024,174210,0,-7.000000,43.000000,978.000000
2025-05-13T09:53:37.024,174211,0,-3.000000,43.000000,978.000000
2025-05-13T09:53:37.025,174212,0,-1.000000,22.000000,1023.000000
2025-05-13T09:53:37.025,174213,0,-1.000000,22.000000,998.000000
2025-05-13T09:53:37.025,174214,0,-5.000000,16.000000,998.000000
2025-05-13T09:53:37.026,174215,0,45.000000,42.000000,1025.000000
2025-05-13T09:53:37.026,174216,0,45.000000,42.000000,1025.000000
2025-05-13T09:53:37.027,174217,0,33.000000,22.000000,977.000000
2025-05-13T09:53:37.027,174218,0,33.000000,20.000000,1025.000000
2025-05-13T09:53:37.027,174219,0,-3.000000,20.000000,1025.000000
2025-05-13T09:53:37.028,174220,0,-6.000000,16.000000,1013.000000
2025-05-13T09:53:37.028,174221,0,-6.000000,16.000000,1018.000000
2025-05-13T09:53:37.029,174222,0,43.000000,15.000000,1018.000000
2025-05-13T09:53:37.029,174223,0,43.000000,20.000000,1017.000000
2025-05-13T09:53:37.029,174224,0,32.000000,20.000000,1017.000000
2025-05-13T09:53:37.030,174225,0,33.000000,19.000000,1019.000000
2025-05-13T09:53:37.030,174226,0,33.000000,19.000000,1001.000000
2025-05-13T09:53:37.030,174227,0,42.000000,21.000000,1001.000000
2025-05-13T09:53:37.031,174228,0,37.000000,43.000000,1022.000000
2025-05-13T09:53:37.031,174229,0,37.000000,43.000000,1022.000000
2025-05-13T09:53:37.032,174230,0,33.000000,18.000000,969.000000
2025-05-13T09:53:37.032,174231,0,33.000000,19.000000,1015.000000
2025-05-13T09:53:37.032,174232,0,-13.000000,19.000000,1015.000000
2025-05-13T09:53:37.033,174233,0,-5.000000,21.000000,1003.000000
2025-05-13T09:53:37.033,174234,0,-5.000000,21.000000,980.000000
2025-05-13T09:53:37.034,174235,0,39.000000,17.000000,980.000000
2025-05-13T09:53:37.034,174236,0,39.000000,28.000000,994.000000
2025-05-13T09:53:37.034,174237,0,-2.000000,28.000000,994.000000
2025-05-13T09:53:37.035,174238,0,-9.000000,21.000000,978.000000
2025-05-13T09:53:37.035,174239,0,-9.000000,21.000000,1020.000000
2025-05-13T09:53:37.036,174240,0,33.000000,19.000000,1020.000000
2025-05-13T09:53:37.036,174241,0,36.000000,61.000000,1024.000000
2025-05-13T09:53:37.036,174242,0,36.000000,61.000000,1024.000000
2025-05-13T09:53:37.037,174243,0,-3.000000,16.000000,970.000000
2025-05-13T09:53:37.037,174244,0,-3.000000,17.000000,979.000000
2025-05-13T09:53:37.037,174245,0,-14.000000,17.000000,979.000000
2025-05-13T09:53:37.038,174246,0,-5.000000,17.000000,1001.000000
2025-05-13T09:53:37.038,174247,0,-5.000000,17.000000,1001.000000
2025-05-13T09:53:37.039,174248,0,41.000000,43.000000,1024.000000
2025-05-13T09:53:37.039,174249,0,41.000000,23.000000,989.000000
2025-05-13T09:53:37.039,174250,0,0.000000,23.000000,989.000000
2025-05-13T09:53:37.040,174251,0,33.000000,27.000000,1022.000000
2025-05-13T09:53:37.040,174252,0,33.000000,27.000000,1024.000000
2025-05-13T09:53:37.041,174253,0,33.000000,45.000000,1024.000000
2025-05-13T09:53:37.041,174254,0,34.000000,45.000000,1000.000000
2025-05-13T09:53:37.041,174255,0,34.000000,45.000000,1000.000000
2025-05-13T09:53:37.042,174256,0,35.000000,25.000000,977.000000
2025-05-13T09:53:37.042,174257,0,35.000000,27.000000,1016.000000
2025-05-13T09:53:37.043,174258,0,-14.000000,27.000000,1016.000000
2025-05-13T09:53:37.043,174259,0,-9.000000,45.000000,1005.000000
2025-05-13T09:53:37.043,174260,0,-9.000000,45.000000,1005.000000
2025-05-13T09:53:37.044,174261,0,45.000000,45.000000,1016.000000
2025-05-13T09:53:37.044,174262,0,45.000000,16.000000,992.000000
2025-05-13T09:53:37.045,174263,0,-4.000000,16.000000,992.000000
2025-05-13T09:53:37.045,174264,0,31.000000,21.000000,982.000000
2025-05-13T09:53:37.045,174265,0,31.000000,21.000000,1024.000000
2025-05-13T09:53:37.046,174266,0,-4.000000,18.000000,1024.000000
2025-05-13T09:53:37.046,174267,0,26.000000,22.000000,1018.000000
2025-05-13T09:53:37.046,174268,0,38.000000,22.000000,1018.000000
2025-05-13T09:53:37.047,174269,0,-5.000000,45.000000,978.000000
2025-05-13T09:53:37.047,174270,0,-5.000000,45.000000,1014.000000
2025-05-13T09:53:37.048,174271,0,-9.000000,36.000000,1014.000000
2025-05-13T09:53:37.048,174272,0,34.000000,41.000000,1044.000000
2025-05-13T09:53:37.048,174273,0,34.000000,41.000000,1014.000000
2025-05-13T09:53:37.049,174274,0,17.000000,15.000000,1024.000000
2025-05-13T09:53:37.049,174275,0,17.000000,19.000000,969.000000
2025-05-13T09:53:37.050,174276,0,31.000000,19.000000,969.000000
2025-05-13T09:53:37.050,174277,0,-14.000000,20.000000,1002.000000
2025-05-13T09:53:37.050,174278,0,-14.000000,20.000000,1018.000000
2025-05-13T09:53:37.051,174279,0,32.000000,15.000000,1018.000000
2025-05-13T09:53:37.051,174280,0,32.000000,45.000000,982.000000
2025-05-13T09:53:37.052,174281,0,45.000000,45.000000,982.000000
2025-05-13T09:53:37.052,174282,0,-4.000000,23.000000,968.000000
2025-05-13T09:53:37.052,174283,0,-4.000000,23.000000,1026.000000
2025-05-13T09:53:37.053,174284,0,33.000000,22.000000,1026.000000
2025-05-13T09:53:37.053,174285,0,34.000000,33.000000,1047.000000
2025-05-13T09:53:37.053,174286,0,34.000000,33.000000,1017.000000
2025-05-13T09:53:37.054,174287,0,20.000000,22.000000,1021.000000
2025-05-13T09:53:37.054,174288,0,20.000000,42.000000,971.000000
2025-05-13T09:53:37.055,174289,0,33.000000,42.000000,971.000000
2025-05-13T09:53:37.055,174290,0,-11.000000,44.000000,1004.000000
2025-05-13T09:53:37.055,174291,0,-11.000000,44.000000,1015.000000
2025-05-13T09:53:37.056,174292,0,-11.000000,41.000000,1015.000000
2025-05-13T09:53:37.056,174293,0,-11.000000,42.000000,1025.000000
2025-05-13T09:53:37.057,174294,0,-5.000000,42.000000,1025.000000
2025-05-13T09:53:37.057,174295,0,32.000000,40.000000,1022.000000
2025-05-13T09:53:37.057,174296,0,32.000000,40.000000,1026.000000
2025-05-13T09:53:37.058,174297,0,-3.000000,19.000000,1026.000000
2025-05-13T09:53:37.058,174298,0,33.000000,38.000000,1008.000000
2025-05-13T09:53:37.059,174299,0,33.000000,38.000000,1008.000000
2025-05-13T09:53:37.059,174300,0,41.000000,37.000000,1023.000000
2025-05-13T09:53:37.059,174301,0,41.000000,21.000000,968.000000
2025-05-13T09:53:37.060,174302,0,-3.000000,21.000000,968.000000
2025-05-13T09:53:37.060,174303,0,-7.000000,26.000000,1020.000000
2025-05-13T09:53:37.060,174304,0,-7.000000,26.000000,1020.000000
2025-05-13T09:53:37.061,174305,0,-5.000000,16.000000,1020.000000
2025-05-13T09:53:37.061,174306,0,25.000000,45.000000,1020.000000
2025-05-13T09:53:37.062,174307,0,37.000000,45.000000,1020.000000
2025-05-13T09:53:37.062,174308,0,-4.000000,24.000000,1017.000000
2025-05-13T09:53:37.062,174309,0,-4.000000,24.000000,1024.000000
2025-05-13T09:53:37.063,174310,0,-6.000000,22.000000,1024.000000
2025-05-13T09:53:37.063,174311,0,-1.000000,37.000000,1011.000000
2025-05-13T09:53:37.064,174312,0,-1.000000,37.000000,1011.000000
2025-05-13T09:53:37.064,174313,0,17.000000,20.000000,1001.000000
2025-05-13T09:53:37.064,174314,0,17.000000,18.000000,978.000000
2025-05-13T09:53:37.065,174315,0,0.000000,18.000000,978.000000
2025-05-13T09:53:37.065,174316,0,14.000000,15.000000,1028.000000
2025-05-13T09:53:37.066,174317,0,14.000000,15.000000,1020.000000
2025-05-13T09:53:37.066,174318,0,-7.000000,42.000000,1020.000000
2025-05-13T09:53:37.066,174319,0,23.000000,16.000000,1006.000000
2025-05-13T09:53:37.067,174320,0,39.000000,16.000000,1006.000000
2025-05-13T09:53:37.067,174321,0,-2.000000,16.000000,1022.000000
2025-05-13T09:53:37.068,174322,0,-2.000000,16.000000,1021.000000
2025-05-13T09:53:37.068,174323,0,-10.000000,20.000000,1021.000000
2025-05-13T09:53:37.068,174324,0,-7.000000,36.000000,1011.000000
2025-05-13T09:53:37.069,174325,0,-7.000000,36.000000,981.000000
2025-05-13T09:53:37.069,174326,0,37.000000,18.000000,981.000000
2025-05-13T09:53:37.069,174327,0,37.000000,15.000000,976.000000
2025-05-13T09:53:37.070,174328,0,-1.000000,15.000000,976.000000
2025-05-13T09:53:37.070,174329,0,11.000000,19.000000,1005.000000
2025-05-13T09:53:37.071,174330,0,11.000000,19.000000,1002.000000
2025-05-13T09:53:37.071,174331,0,31.000000,41.000000,1002.000000
2025-05-13T09:53:37.071,174332,0,31.000000,42.000000,999.000000
2025-05-13T09:53:37.072,174333,0,31.000000,42.000000,999.000000
2025-05-13T09:53:37.072,174334,0,-3.000000,16.000000,1020.000000
2025-05-13T09:53:37.073,174335,0,-3.000000,16.000000,1017.000000
2025-05-13T09:53:37.073,174336,0,-3.000000,45.000000,1017.000000
2025-05-13T09:53:37.073,174337,0,-4.000000,20.000000,1009.000000
2025-05-13T09:53:37.074,174338,0,-4.000000,20.000000,978.000000
2025-05-13T09:53:37.074,174339,0,16.000000,19.000000,977.000000
2025-05-13T09:53:37.075,174340,0,16.000000,41.000000,1015.000000
2025-05-13T09:53:37.075,174341,0,34.000000,41.000000,1015.000000
2025-05-13T09:53:37.075,174342,0,-15.000000,20.000000,1021.000000
2025-05-13T09:53:37.076,174343,0,-15.000000,20.000000,1004.000000
2025-05-13T09:53:37.076,174344,0,40.000000,38.000000,1004.000000
2025-05-13T09:53:37.076,174345,0,40.000000,40.000000,978.000000
2025-05-13T09:53:37.077,174346,0,32.000000,40.000000,978.000000
2025-05-13T09:53:37.077,174347,0,36.000000,22.000000,1014.000000
2025-05-13T09:53:37.078,174348,0,36.000000,22.000000,1017.000000
2025-05-13T09:53:37.078,174349,0,-3.000000,43.000000,1017.000000
2025-05-13T09:53:37.078,174350,0,36.000000,20.000000,1003.000000
2025-05-13T09:53:37.079,174351,0,36.000000,20.000000,972.000000
2025-05-13T09:53:37.079,174352,0,36.000000,43.000000,982.000000
2025-05-13T09:53:37.080,174353,0,36.000000,28.000000,978.000000
2025-05-13T09:53:37.080,174354,0,0.000000,28.000000,978.000000
2025-05-13T09:53:37.080,174355,0,-14.000000,42.000000,1022.000000
2025-05-13T09:53:37.081,174356,0,-14.000000,42.000000,1026.000000
2025-05-13T09:53:37.081,174357,0,0.000000,41.000000,1026.000000
2025-05-13T09:53:37.082,174358,0,30.000000,42.000000,978.000000
2025-05-13T09:53:37.082,174359,0,42.000000,42.000000,978.000000
2025-05-13T09:53:37.082,174360,0,35.000000,20.000000,1017.000000
2025-05-13T09:53:37.083,174361,0,35.000000,20.000000,1017.000000
2025-05-13T09:53:37.083,174362,0,33.000000,17.000000,1017.000000
2025-05-13T09:53:37.084,174363,0,-5.000000,43.000000,1019.000000
2025-05-13T09:53:37.084,174364,0,-5.000000,43.000000,1019.000000
2025-05-13T09:53:37.084,174365,0,39.000000,19.000000,1020.000000
2025-05-13T09:53:37.085,174366,0,39.000000,20.000000,976.000000
2025-05-13T09:53:37.085,174367,0,-2.000000,20.000000,976.000000
2025-05-13T09:53:37.085,174368,0,14.000000,16.000000,1006.000000
2025-05-13T09:53:37.086,174369,0,14.000000,16.000000,981.000000
2025-05-13T09:53:37.086,174370,0,34.000000,39.000000,981.000000
2025-05-13T09:53:37.087,174371,0,34.000000,38.000000,979.000000
2025-05-13T09:53:37.087,174372,0,45.000000,38.000000,979.000000
2025-05-13T09:53:37.087,174373,0,-6.000000,24.000000,969.000000
2025-05-13T09:53:37.088,174374,0,-6.000000,24.000000,999.000000
2025-05-13T09:53:37.088,174375,0,-9.000000,18.000000,999.000000
2025-05-13T09:53:37.089,174376,0,-5.000000,43.000000,980.000000
2025-05-13T09:53:37.089,174377,0,-5.000000,43.000000,980.000000
2025-05-13T09:53:37.089,174378,0,-1.000000,19.000000,982.000000
2025-05-13T09:53:37.090,174379,0,-1.000000,18.000000,973.000000
2025-05-13T09:53:37.090,174380,0,38.000000,18.000000,973.000000
2025-05-13T09:53:37.091,174381,0,-11.000000,19.000000,1028.000000
2025-05-13T09:53:37.091,174382,0,-11.000000,19.000000,1026.000000
2025-05-13T09:53:37.091,174383,0,44.000000,45.000000,1026.000000
2025-05-13T09:53:37.092,174384,0,44.000000,16.000000,992.000000
2025-05-13T09:53:37.092,174385,0,33.000000,16.000000,992.000000
2025-05-13T09:53:37.092,174386,0,-6.000000,19.000000,971.000000
2025-05-13T09:53:37.093,174387,0,-6.000000,19.000000,999.000000
2025-05-13T09:53:37.093,174388,0,-7.000000,17.000000,999.000000
2025-05-13T09:53:37.094,174389,0,31.000000,37.000000,1018.000000
2025-05-13T09:53:37.094,174390,0,31.000000,37.000000,1018.000000
2025-05-13T09:53:37.094,174391,0,-3.000000,39.000000,980.000000
2025-05-13T09:53:37.095,174392,0,-3.000000,25.000000,1018.000000
2025-05-13T09:53:37.095,174393,0,-6.000000,25.000000,1018.000000
2025-05-13T09:53:37.096,174394,0,0.000000,21.000000,1014.000000
2025-05-13T09:53:37.096,174395,0,0.000000,21.000000,1021.000000
2025-05-13T09:53:37.106,174396,0,40.000000,17.000000,1021.000000
2025-05-13T09:53:37.106,174397,0,40.000000,24.000000,970.000000
2025-05-13T09:53:37.109,174398,0,-5.000000,24.000000,970.000000
2025-05-13T09:53:37.110,174399,0,-9.000000,27.000000,1015.000000
2025-05-13T09:53:37.110,174400,0,-9.000000,27.000000,999.000000
2025-05-13T09:53:37.110,174401,0,-11.000000,39.000000,999.000000
2025-05-13T09:53:37.110,174402,0,32.000000,38.000000,1025.000000
2025-05-13T09:53:37.110,174403,0,32.000000,38.000000,1025.000000
2025-05-13T09:53:37.110,174404,0,34.000000,23.000000,978.000000
2025-05-13T09:53:37.110,174405,0,34.000000,17.000000,1015.000000
2025-05-13T09:53:37.111,174406,0,-7.000000,17.000000,1015.000000
2025-05-13T09:53:37.111,174407,0,31.000000,16.000000,1000.000000
2025-05-13T09:53:37.111,174408,0,31.000000,16.000000,1022.000000
2025-05-13T09:53:37.111,174409,0,-8.000000,17.000000,1022.000000
2025-05-13T09:53:37.111,174410,0,-8.000000,45.000000,990.000000
2025-05-13T09:53:37.112,174411,0,33.000000,45.000000,990.000000
2025-05-13T09:53:37.112,174412,0,7.000000,21.000000,980.000000
2025-05-13T09:53:37.112,174413,0,7.000000,21.000000,1026.000000
2025-05-13T09:53:37.112,174414,0,-2.000000,15.000000,1026.000000
2025-05-13T09:53:37.112,174415,0,40.000000,-1.000000,1002.000000
2025-05-13T09:53:37.112,174416,0,40.000000,-1.000000,1002.000000
2025-05-13T09:53:37.112,174417,0,-7.000000,45.000000,978.000000
2025-05-13T09:53:37.112,174418,0,-7.000000,40.000000,980.000000
2025-05-13T09:53:37.112,174419,0,-12.000000,40.000000,980.000000
2025-05-13T09:53:37.112,174420,0,-3.000000,24.000000,1014.000000
2025-05-13T09:53:37.112,174421,0,-3.000000,24.000000,979.000000
2025-05-13T09:53:37.113,174422,0,35.000000,40.000000,979.000000
2025-05-13T09:53:37.113,174423,0,35.000000,18.000000,981.000000
2025-05-13T09:53:37.113,174424,0,31.000000,18.000000,981.000000
2025-05-13T09:53:37.113,174425,0,-14.000000,30.000000,982.000000
2025-05-13T09:53:37.113,174426,0,-14.000000,30.000000,1008.000000
2025-05-13T09:53:37.113,174427,0,-7.000000,44.000000,1008.000000
2025-05-13T09:53:37.113,174428,0,33.000000,45.000000,1019.000000
2025-05-13T09:53:37.113,174429,0,33.000000,45.000000,1019.000000
2025-05-13T09:53:37.113,174430,0,37.000000,20.000000,996.000000
2025-05-13T09:53:37.113,174431,0,37.000000,21.000000,1018.000000
2025-05-13T09:53:37.113,174432,0,-6.000000,21.000000,1018.000000
2025-05-13T09:53:37.113,174433,0,-6.000000,18.000000,1005.000000
2025-05-13T09:53:37.113,174434,0,-6.000000,18.000000,1019.000000
2025-05-13T09:53:37.113,174435,0,36.000000,41.000000,1019.000000
2025-05-13T09:53:37.113,174436,0,36.000000,19.000000,981.000000
2025-05-13T09:53:37.113,174437,0,13.000000,19.000000,981.000000
2025-05-13T09:53:37.113,174438,0,-10.000000,20.000000,979.000000
2025-05-13T09:53:37.113,174439,0,-10.000000,20.000000,1006.000000
2025-05-13T09:53:37.114,174440,0,-14.000000,42.000000,1006.000000
2025-05-13T09:53:37.115,174441,0,38.000000,41.000000,1016.000000
2025-05-13T09:53:37.115,174442,0,38.000000,41.000000,1016.000000
2025-05-13T09:53:37.115,174443,0,-11.000000,45.000000,981.000000
2025-05-13T09:53:37.116,174444,0,-11.000000,25.000000,1015.000000
2025-05-13T09:53:37.122,174445,0,8.000000,25.000000,1015.000000
2025-05-13T09:53:37.123,174446,0,34.000000,16.000000,1003.000000
2025-05-13T09:53:37.125,174447,0,34.000000,16.000000,1023.000000
2025-05-13T09:53:37.126,174448,0,-3.000000,42.000000,1023.000000
2025-05-13T09:53:37.127,174449,0,-3.000000,23.000000,979.000000
2025-05-13T09:53:37.127,174450,0,-10.000000,23.000000,979.000000
2025-05-13T09:53:37.127,174451,0,9.000000,43.000000,1016.000000
2025-05-13T09:53:37.128,174452,0,9.000000,43.000000,1023.000000
2025-05-13T09:53:37.128,174453,0,-6.000000,15.000000,1023.000000
2025-05-13T09:53:37.128,174454,0,43.000000,16.000000,1024.000000
2025-05-13T09:53:37.128,174455,0,43.000000,16.000000,1024.000000
2025-05-13T09:53:37.128,174456,0,0.000000,21.000000,975.000000
2025-05-13T09:53:37.128,174457,0,0.000000,18.000000,1021.000000
2025-05-13T09:53:37.128,174458,0,9.000000,18.000000,1021.000000
2025-05-13T09:53:37.128,174459,0,12.000000,19.000000,1006.000000
2025-05-13T09:53:37.128,174460,0,12.000000,19.000000,1017.000000
2025-05-13T09:53:37.128,174461,0,34.000000,16.000000,1017.000000
2025-05-13T09:53:37.128,174462,0,34.000000,18.000000,1020.000000
2025-05-13T09:53:37.128,174463,0,31.000000,18.000000,1020.000000
2025-05-13T09:53:37.128,174464,0,-4.000000,39.000000,978.000000
2025-05-13T09:53:37.128,174465,0,-4.000000,39.000000,1003.000000
2025-05-13T09:53:37.128,174466,0,-1.000000,41.000000,1003.000000
2025-05-13T09:53:37.128,174467,0,32.000000,17.000000,1018.000000
2025-05-13T09:53:37.128,174468,0,32.000000,17.000000,1018.000000
2025-05-13T09:53:37.128,174469,0,35.000000,25.000000,979.000000
2025-05-13T09:53:37.128,174470,0,35.000000,45.000000,1022.000000
2025-05-13T09:53:37.128,174471,0,-10.000000,45.000000,1022.000000
2025-05-13T09:53:37.128,174472,0,0.000000,21.000000,1046.000000
2025-05-13T09:53:37.128,174473,0,0.000000,21.000000,1019.000000
2025-05-13T09:53:37.128,174474,0,43.000000,40.000000,1019.000000
2025-05-13T09:53:37.128,174475,0,43.000000,20.000000,974.000000
2025-05-13T09:53:37.128,174476,0,-6.000000,20.000000,974.000000
2025-05-13T09:53:37.128,174477,0,0.000000,18.000000,1021.000000
2025-05-13T09:53:37.128,174478,0,0.000000,18.000000,1018.000000
2025-05-13T09:53:37.129,174479,0,-1.000000,19.000000,1018.000000
2025-05-13T09:53:37.129,174480,0,41.000000,19.000000,981.000000
2025-05-13T09:53:37.130,174481,0,41.000000,19.000000,981.000000
2025-05-13T09:53:37.130,174482,0,-4.000000,16.000000,977.000000
2025-05-13T09:53:37.130,174483,0,-4.000000,16.000000,1016.000000
2025-05-13T09:53:37.131,174484,0,12.000000,44.000000,1016.000000
2025-05-13T09:53:37.131,174485,0,35.000000,41.000000,1028.000000
2025-05-13T09:53:37.131,174486,0,35.000000,41.000000,1028.000000
2025-05-13T09:53:37.132,174487,0,36.000000,41.000000,1001.000000
2025-05-13T09:53:37.141,174488,0,36.000000,19.000000,968.000000
2025-05-13T09:53:37.142,174489,0,30.000000,19.000000,968.000000
2025-05-13T09:53:37.142,174490,0,-11.000000,20.000000,1008.000000
2025-05-13T09:53:37.142,174491,0,-11.000000,20.000000,1018.000000
2025-05-13T09:53:37.142,174492,0,-6.000000,19.000000,1018.000000
2025-05-13T09:53:37.142,174493,0,24.000000,42.000000,1021.000000
2025-05-13T09:53:37.142,174494,0,32.000000,42.000000,1021.000000
2025-05-13T09:53:37.142,174495,0,-5.000000,19.000000,980.000000
2025-05-13T09:53:37.142,174496,0,-5.000000,19.000000,1026.000000
2025-05-13T09:53:37.142,174497,0,-6.000000,27.000000,1026.000000
2025-05-13T09:53:37.143,174498,0,35.000000,36.000000,1009.000000
2025-05-13T09:53:37.143,174499,0,35.000000,36.000000,1009.000000
2025-05-13T09:53:37.143,174500,0,38.000000,15.000000,1000.000000
2025-05-13T09:53:37.143,174501,0,38.000000,19.000000,975.000000
2025-05-13T09:53:37.143,174502,0,-2.000000,19.000000,975.000000
2025-05-13T09:53:37.143,174503,0,11.000000,20.000000,998.000000
2025-05-13T09:53:37.143,174504,0,11.000000,20.000000,1018.000000
2025-05-13T09:53:37.143,174505,0,34.000000,44.000000,1018.000000
2025-05-13T09:53:37.143,174506,0,3.000000,43.000000,1025.000000
2025-05-13T09:53:37.143,174507,0,-3.000000,43.000000,1025.000000
2025-05-13T09:53:37.143,174508,0,-10.000000,40.000000,979.000000
2025-05-13T09:53:37.143,174509,0,-10.000000,40.000000,1020.000000
2025-05-13T09:53:37.143,174510,0,-13.000000,22.000000,1020.000000
2025-05-13T09:53:37.143,174511,0,-3.000000,40.000000,1044.000000
2025-05-13T09:53:37.143,174512,0,-3.000000,40.000000,1014.000000
2025-05-13T09:53:37.143,174513,0,44.000000,42.000000,1016.000000
2025-05-13T09:53:37.143,174514,0,44.000000,45.000000,988.000000
2025-05-13T09:53:37.143,174515,0,32.000000,45.000000,988.000000
2025-05-13T09:53:37.143,174516,0,12.000000,16.000000,1026.000000
2025-05-13T09:53:37.144,174517,0,12.000000,16.000000,1020.000000
2025-05-13T09:53:37.144,174518,0,-9.000000,42.000000,1020.000000
2025-05-13T09:53:37.144,174519,0,21.000000,17.000000,1023.000000
2025-05-13T09:53:37.145,174520,0,33.000000,17.000000,1023.000000
2025-05-13T09:53:37.145,174521,0,-14.000000,36.000000,1014.000000
2025-05-13T09:53:37.146,174522,0,-14.000000,36.000000,1025.000000
2025-05-13T09:53:37.146,174523,0,-12.000000,16.000000,1025.000000
2025-05-13T09:53:37.146,174524,0,-6.000000,36.000000,1009.000000
2025-05-13T09:53:37.147,174525,0,-6.000000,36.000000,1009.000000
2025-05-13T09:53:37.147,174526,0,42.000000,42.000000,998.000000
2025-05-13T09:53:37.147,174527,0,42.000000,15.000000,996.000000
2025-05-13T09:53:37.148,174528,0,-6.000000,15.000000,996.000000
2025-05-13T09:53:37.148,174529,0,13.000000,44.000000,1028.000000
2025-05-13T09:53:37.149,174530,0,13.000000,44.000000,1016.000000
2025-05-13T09:53:37.149,174531,0,-15.000000,36.000000,1016.000000
2025-05-13T09:53:37.149,174532,0,-15.000000,40.000000,980.000000
2025-05-13T09:53:37.150,174533,0,-3.000000,40.000000,980.000000
2025-05-13T09:53:37.150,174534,0,-7.000000,35.000000,1015.000000
2025-05-13T09:53:37.151,174535,0,-7.000000,35.000000,1020.000000
2025-05-13T09:53:37.151,174536,0,15.000000,43.000000,1020.000000
2025-05-13T09:53:37.151,174537,0,-7.000000,15.000000,1011.000000
2025-05-13T09:53:37.152,174538,0,-7.000000,15.000000,1011.000000
2025-05-13T09:53:37.152,174539,0,45.000000,18.000000,1023.000000
2025-05-13T09:53:37.153,174540,0,45.000000,21.000000,997.000000
2025-05-13T09:53:37.153,174541,0,0.000000,21.000000,997.000000
2025-05-13T09:53:37.153,174542,0,-14.000000,17.000000,1019.000000
2025-05-13T09:53:37.154,174543,0,-14.000000,17.000000,1014.000000
2025-05-13T09:53:37.154,174544,0,-8.000000,45.000000,1014.000000
2025-05-13T09:53:37.155,174545,0,-8.000000,17.000000,1025.000000
2025-05-13T09:53:37.155,174546,0,0.000000,17.000000,1025.000000
2025-05-13T09:53:37.155,174547,0,31.000000,18.000000,981.000000
2025-05-13T09:53:37.156,174548,0,31.000000,18.000000,1017.000000
2025-05-13T09:53:37.156,174549,0,-12.000000,15.000000,1017.000000
2025-05-13T09:53:37.156,174550,0,-6.000000,39.000000,1002.000000
2025-05-13T09:53:37.157,174551,0,-6.000000,39.000000,971.000000
2025-05-13T09:53:37.157,174552,0,40.000000,17.000000,973.000000
2025-05-13T09:53:37.158,174553,0,40.000000,21.000000,996.000000
2025-05-13T09:53:37.158,174554,0,-5.000000,21.000000,996.000000
2025-05-13T09:53:37.158,174555,0,13.000000,24.000000,1022.000000
2025-05-13T09:53:37.159,174556,0,13.000000,24.000000,1014.000000
2025-05-13T09:53:37.159,174557,0,30.000000,40.000000,1014.000000
2025-05-13T09:53:37.160,174558,0,0.000000,18.000000,1016.000000
2025-05-13T09:53:37.160,174559,0,-3.000000,18.000000,1016.000000
2025-05-13T09:53:37.160,174560,0,33.000000,18.000000,994.000000
2025-05-13T09:53:37.161,174561,0,33.000000,18.000000,1016.000000
2025-05-13T09:53:37.161,174562,0,-6.000000,19.000000,1016.000000
2025-05-13T09:53:37.162,174563,0,-4.000000,42.000000,1003.000000
2025-05-13T09:53:37.162,174564,0,-4.000000,42.000000,1003.000000
2025-05-13T09:53:37.162,174565,0,41.000000,45.000000,1014.000000
2025-05-13T09:53:37.163,174566,0,41.000000,15.000000,997.000000
2025-05-13T09:53:37.163,174567,0,-1.000000,15.000000,997.000000
2025-05-13T09:53:37.163,174568,0,9.000000,19.000000,1017.000000
2025-05-13T09:53:37.164,174569,0,9.000000,19.000000,1015.000000
2025-05-13T09:53:37.164,174570,0,-1.000000,43.000000,1015.000000
2025-05-13T09:53:37.165,174571,0,28.000000,18.000000,1025.000000
2025-05-13T09:53:37.165,174572,0,36.000000,18.000000,1025.000000
2025-05-13T09:53:37.165,174573,0,-14.000000,17.000000,979.000000
2025-05-13T09:53:37.166,174574,0,-14.000000,17.000000,1015.000000
2025-05-13T09:53:37.166,174575,0,9.000000,23.000000,1015.000000
2025-05-13T09:53:37.167,174576,0,-4.000000,44.000000,1013.000000
2025-05-13T09:53:37.167,174577,0,-4.000000,44.000000,1013.000000
2025-05-13T09:53:37.167,174578,0,35.000000,16.000000,1018.000000
2025-05-13T09:53:37.168,174579,0,35.000000,17.000000,969.000000
2025-05-13T09:53:37.168,174580,0,30.000000,17.000000,969.000000
2025-05-13T09:53:37.169,174581,0,31.000000,17.000000,999.000000
2025-05-13T09:53:37.169,174582,0,31.000000,17.000000,1022.000000
2025-05-13T09:53:37.169,174583,0,-6.000000,45.000000,1022.000000
2025-05-13T09:53:37.170,174584,0,31.000000,22.000000,1016.000000
2025-05-13T09:53:37.170,174585,0,31.000000,22.000000,1016.000000
2025-05-13T09:53:37.171,174586,0,32.000000,15.000000,982.000000
2025-05-13T09:53:37.171,174587,0,32.000000,15.000000,1020.000000
2025-05-13T09:53:37.171,174588,0,-14.000000,25.000000,1020.000000
2025-05-13T09:53:37.172,174589,0,-1.000000,43.000000,1000.000000
2025-05-13T09:53:37.172,174590,0,-1.000000,43.000000,1000.000000
2025-05-13T09:53:37.172,174591,0,39.000000,16.000000,1001.000000
2025-05-13T09:53:37.173,174592,0,39.000000,23.000000,970.000000
2025-05-13T09:53:37.173,174593,0,0.000000,23.000000,970.000000
2025-05-13T09:53:37.174,174594,0,-3.000000,20.000000,998.000000
2025-05-13T09:53:37.174,174595,0,-3.000000,20.000000,1025.000000
2025-05-13T09:53:37.174,174596,0,34.000000,19.000000,1025.000000
2025-05-13T09:53:37.175,174597,0,34.000000,42.000000,1021.000000
2025-05-13T09:53:37.175,174598,0,42.000000,42.000000,1021.000000
2025-05-13T09:53:37.176,174599,0,-6.000000,19.000000,1015.000000
2025-05-13T09:53:37.176,174600,0,-6.000000,19.000000,1015.000000
2025-05-13T09:53:37.176,174601,0,-14.000000,23.000000,1015.000000
2025-05-13T09:53:37.177,174602,0,31.000000,43.000000,1008.000000
2025-05-13T09:53:37.177,174603,0,31.000000,43.000000,1008.000000
2025-05-13T09:53:37.178,174604,0,41.000000,17.000000,1028.000000
2025-05-13T09:53:37.178,174605,0,41.000000,25.000000,996.000000
2025-05-13T09:53:37.178,174606,0,31.000000,25.000000,996.000000
2025-05-13T09:53:37.179,174607,0,-6.000000,21.000000,1026.000000
2025-05-13T09:53:37.179,174608,0,-6.000000,21.000000,1006.000000
2025-05-13T09:53:37.180,174609,0,-3.000000,21.000000,1006.000000
2025-05-13T09:53:37.180,174610,0,27.000000,20.000000,1029.000000
2025-05-13T09:53:37.180,174611,0,43.000000,20.000000,1029.000000
2025-05-13T09:53:37.181,174612,0,32.000000,16.000000,982.000000
2025-05-13T09:53:37.181,174613,0,32.000000,16.000000,1017.000000
2025-05-13T09:53:37.181,174614,0,-14.000000,24.000000,1017.000000
2025-05-13T09:53:37.182,174615,0,-4.000000,19.000000,1013.000000
2025-05-13T09:53:37.182,174616,0,-4.000000,19.000000,1013.000000
2025-05-13T09:53:37.183,174617,0,40.000000,19.000000,1001.000000
2025-05-13T09:53:37.183,174618,0,40.000000,24.000000,996.000000
2025-05-13T09:53:37.183,174619,0,34.000000,24.000000,996.000000
2025-05-13T09:53:37.184,174620,0,-10.000000,20.000000,1026.000000
2025-05-13T09:53:37.184,174621,0,-10.000000,20.000000,1023.000000
2025-05-13T09:53:37.185,174622,0,-6.000000,19.000000,1023.000000
2025-05-13T09:53:37.185,174623,0,-6.000000,43.000000,1022.000000
2025-05-13T09:53:37.185,174624,0,-1.000000,43.000000,1022.000000
2025-05-13T09:53:37.186,174625,0,-2.000000,19.000000,1015.000000
2025-05-13T09:53:37.186,174626,0,-2.000000,19.000000,1019.000000
2025-05-13T09:53:37.187,174627,0,-6.000000,43.000000,1019.000000
2025-05-13T09:53:37.187,174628,0,-4.000000,42.000000,1008.000000
2025-05-13T09:53:37.187,174629,0,-4.000000,42.000000,978.000000
2025-05-13T09:53:37.188,174630,0,38.000000,21.000000,976.000000
2025-05-13T09:53:37.188,174631,0,38.000000,26.000000,969.000000
2025-05-13T09:53:37.188,174632,0,0.000000,26.000000,969.000000
2025-05-13T09:53:37.189,174633,0,13.000000,17.000000,1002.000000
2025-05-13T09:53:37.189,174634,0,13.000000,17.000000,1009.000000
2025-05-13T09:53:37.190,174635,0,33.000000,42.000000,1009.000000
2025-05-13T09:53:37.190,174636,0,2.000000,17.000000,1022.000000
2025-05-13T09:53:37.190,174637,0,-2.000000,17.000000,1022.000000
2025-05-13T09:53:37.191,174638,0,-9.000000,45.000000,1019.000000
2025-05-13T09:53:37.191,174639,0,-9.000000,45.000000,981.000000
2025-05-13T09:53:37.192,174640,0,14.000000,16.000000,981.000000
2025-05-13T09:53:37.192,174641,0,-10.000000,17.000000,1024.000000
2025-05-13T09:53:37.192,174642,0,-10.000000,17.000000,993.000000
2025-05-13T09:53:37.193,174643,0,36.000000,18.000000,981.000000
2025-05-13T09:53:37.193,174644,0,36.000000,62.000000,980.000000
2025-05-13T09:53:37.194,174645,0,-3.000000,62.000000,980.000000
2025-05-13T09:53:37.194,174646,0,30.000000,20.000000,1001.000000
2025-05-13T09:53:37.194,174647,0,30.000000,20.000000,1000.000000
2025-05-13T09:53:37.195,174648,0,-4.000000,45.000000,1000.000000
2025-05-13T09:53:37.195,174649,0,-4.000000,44.000000,979.000000
2025-05-13T09:53:37.196,174650,0,33.000000,44.000000,979.000000
2025-05-13T09:53:37.196,174651,0,-6.000000,24.000000,981.000000
2025-05-13T09:53:37.196,174652,0,-6.000000,24.000000,1018.000000
2025-05-13T09:53:37.197,174653,0,-3.000000,28.000000,1018.000000
2025-05-13T09:53:37.197,174654,0,33.000000,19.000000,1025.000000
2025-05-13T09:53:37.197,174655,0,33.000000,19.000000,1025.000000
2025-05-13T09:53:37.198,174656,0,38.000000,23.000000,1019.000000
2025-05-13T09:53:37.198,174657,0,38.000000,17.000000,974.000000
2025-05-13T09:53:37.199,174658,0,-8.000000,17.000000,974.000000
2025-05-13T09:53:37.199,174659,0,12.000000,20.000000,1027.000000
2025-05-13T09:53:37.199,174660,0,12.000000,20.000000,1024.000000
2025-05-13T09:53:37.200,174661,0,38.000000,45.000000,1024.000000
2025-05-13T09:53:37.200,174662,0,38.000000,41.000000,1015.000000
2025-05-13T09:53:37.201,174663,0,37.000000,41.000000,1015.000000
2025-05-13T09:53:37.201,174664,0,-11.000000,24.000000,978.000000
2025-05-13T09:53:37.201,174665,0,-11.000000,24.000000,1028.000000
2025-05-13T09:53:37.202,174666,0,-8.000000,17.000000,1028.000000
2025-05-13T09:53:37.202,174667,0,-1.000000,36.000000,1022.000000
2025-05-13T09:53:37.202,174668,0,-1.000000,36.000000,1022.000000
2025-05-13T09:53:37.203,174669,0,-3.000000,17.000000,980.000000
2025-05-13T09:53:37.203,174670,0,-3.000000,25.000000,1014.000000
2025-05-13T09:53:37.204,174671,0,-6.000000,25.000000,1014.000000
2025-05-13T09:53:37.204,174672,0,-11.000000,25.000000,1019.000000
2025-05-13T09:53:37.204,174673,0,-11.000000,25.000000,1020.000000
2025-05-13T09:53:37.205,174674,0,43.000000,22.000000,1020.000000
2025-05-13T09:53:37.205,174675,0,43.000000,39.000000,971.000000
2025-05-13T09:53:37.206,174676,0,42.000000,39.000000,971.000000
2025-05-13T09:53:37.206,174677,0,37.000000,38.000000,1015.000000
2025-05-13T09:53:37.206,174678,0,37.000000,38.000000,1010.000000
2025-05-13T09:53:37.207,174679,0,-6.000000,34.000000,1010.000000
2025-05-13T09:53:37.207,174680,0,-1.000000,45.000000,1027.000000
2025-05-13T09:53:37.208,174681,0,-1.000000,45.000000,1027.000000
2025-05-13T09:53:37.208,174682,0,-11.000000,27.000000,978.000000
2025-05-13T09:53:37.208,174683,0,-11.000000,67.000000,1014.000000
2025-05-13T09:53:37.209,174684,0,-5.000000,67.000000,1014.000000
2025-05-13T09:53:37.209,174685,0,-2.000000,62.000000,981.000000
2025-05-13T09:53:37.210,174686,0,-2.000000,62.000000,1026.000000
2025-05-13T09:53:37.210,174687,0,18.000000,16.000000,1026.000000
2025-05-13T09:53:37.210,174688,0,18.000000,43.000000,997.000000
2025-05-13T09:53:37.211,174689,0,42.000000,43.000000,997.000000
2025-05-13T09:53:37.211,174690,0,31.000000,16.000000,1014.000000
2025-05-13T09:53:37.211,174691,0,31.000000,16.000000,1015.000000
2025-05-13T09:53:37.212,174692,0,13.000000,32.000000,1015.000000
2025-05-13T09:53:37.212,174693,0,43.000000,35.000000,1021.000000
2025-05-13T09:53:37.213,174694,0,43.000000,35.000000,1021.000000
2025-05-13T09:53:37.213,174695,0,31.000000,18.000000,1017.000000
2025-05-13T09:53:37.213,174696,0,31.000000,61.000000,1014.000000
2025-05-13T09:53:37.214,174697,0,-5.000000,61.000000,1014.000000
2025-05-13T09:53:37.214,174698,0,-2.000000,29.000000,1019.000000
2025-05-13T09:53:37.215,174699,0,-2.000000,29.000000,976.000000
2025-05-13T09:53:37.215,174700,0,33.000000,44.000000,976.000000
2025-05-13T09:53:37.215,174701,0,33.000000,19.000000,978.000000
2025-05-13T09:53:37.216,174702,0,19.000000,19.000000,978.000000
2025-05-13T09:53:37.216,174703,0,-6.000000,22.000000,1015.000000
2025-05-13T09:53:37.217,174704,0,-6.000000,22.000000,1012.000000
2025-05-13T09:53:37.217,174705,0,37.000000,17.000000,1012.000000
2025-05-13T09:53:37.217,174706,0,33.000000,17.000000,1016.000000
2025-05-13T09:53:37.218,174707,0,33.000000,17.000000,1016.000000
2025-05-13T09:53:37.218,174708,0,33.000000,24.000000,972.000000
2025-05-13T09:53:37.218,174709,0,33.000000,40.000000,1025.000000
2025-05-13T09:53:37.219,174710,0,13.000000,40.000000,1025.000000
2025-05-13T09:53:37.219,174711,0,-1.000000,42.000000,1017.000000
2025-05-13T09:53:37.220,174712,0,-1.000000,42.000000,1020.000000
2025-05-13T09:53:37.220,174713,0,38.000000,39.000000,1020.000000
2025-05-13T09:53:37.220,174714,0,38.000000,45.000000,979.000000
2025-05-13T09:53:37.221,174715,0,-6.000000,45.000000,979.000000
2025-05-13T09:53:37.221,174716,0,-3.000000,25.000000,1019.000000
2025-05-13T09:53:37.222,174717,0,-3.000000,25.000000,1013.000000
2025-05-13T09:53:37.222,174718,0,-3.000000,18.000000,1013.000000
2025-05-13T09:53:37.222,174719,0,19.000000,41.000000,1027.000000
2025-05-13T09:53:37.223,174720,0,19.000000,41.000000,1027.000000
2025-05-13T09:53:37.223,174721,0,37.000000,45.000000,975.000000
2025-05-13T09:53:37.224,174722,0,37.000000,22.000000,970.000000
2025-05-13T09:53:37.224,174723,0,-10.000000,22.000000,970.000000
2025-05-13T09:53:37.224,174724,0,45.000000,42.000000,1010.000000
2025-05-13T09:53:37.225,174725,0,45.000000,42.000000,1023.000000
2025-05-13T09:53:37.225,174726,0,39.000000,41.000000,1023.000000
2025-05-13T09:53:37.226,174727,0,39.000000,17.000000,1014.000000
2025-05-13T09:53:37.226,174728,0,-3.000000,17.000000,1014.000000
2025-05-13T09:53:37.226,174729,0,-2.000000,24.000000,1020.000000
2025-05-13T09:53:37.227,174730,0,-2.000000,24.000000,1028.000000
2025-05-13T09:53:37.227,174731,0,-3.000000,23.000000,1028.000000
2025-05-13T09:53:37.227,174732,0,15.000000,16.000000,1009.000000
2025-05-13T09:53:37.228,174733,0,15.000000,16.000000,1009.000000
2025-05-13T09:53:37.228,174734,0,35.000000,22.000000,971.000000
2025-05-13T09:53:37.229,174735,0,35.000000,45.000000,1022.000000
2025-05-13T09:53:37.229,174736,0,-8.000000,45.000000,1022.000000
2025-05-13T09:53:37.229,174737,0,-2.000000,39.000000,1011.000000
2025-05-13T09:53:37.230,174738,0,-2.000000,39.000000,1017.000000
2025-05-13T09:53:37.230,174739,0,43.000000,44.000000,1017.000000
2025-05-13T09:53:37.231,174740,0,43.000000,44.000000,1017.000000
2025-05-13T09:53:37.231,174741,0,39.000000,44.000000,1017.000000
2025-05-13T09:53:37.231,174742,0,-4.000000,17.000000,1014.000000
2025-05-13T09:53:37.232,174743,0,-4.000000,17.000000,1005.000000
2025-05-13T09:53:37.232,174744,0,-1.000000,45.000000,1005.000000
2025-05-13T09:53:37.233,174745,0,34.000000,42.000000,999.000000
2025-05-13T09:53:37.233,174746,0,34.000000,42.000000,999.000000
2025-05-13T09:53:37.233,174747,0,37.000000,21.000000,977.000000
2025-05-13T09:53:37.234,174748,0,37.000000,17.000000,1018.000000
2025-05-13T09:53:37.234,174749,0,14.000000,17.000000,1018.000000
2025-05-13T09:53:37.234,174750,0,-6.000000,41.000000,1002.000000
2025-05-13T09:53:37.235,174751,0,-6.000000,41.000000,1002.000000
2025-05-13T09:53:37.235,174752,0,43.000000,17.000000,1009.000000
2025-05-13T09:53:37.236,174753,0,43.000000,20.000000,996.000000
2025-05-13T09:53:37.236,174754,0,-2.000000,20.000000,996.000000
2025-05-13T09:53:37.236,174755,0,-5.000000,18.000000,1028.000000
2025-05-13T09:53:37.237,174756,0,-5.000000,18.000000,1024.000000
2025-05-13T09:53:37.237,174757,0,-9.000000,18.000000,1024.000000
2025-05-13T09:53:37.238,174758,0,21.000000,38.000000,1017.000000
2025-05-13T09:53:37.238,174759,0,37.000000,38.000000,1017.000000
2025-05-13T09:53:37.238,174760,0,36.000000,43.000000,982.000000
2025-05-13T09:53:37.239,174761,0,36.000000,43.000000,1026.000000
2025-05-13T09:53:37.239,174762,0,-12.000000,15.000000,1026.000000
2025-05-13T09:53:37.240,174763,0,-7.000000,39.000000,1008.000000
2025-05-13T09:53:37.240,174764,0,-7.000000,39.000000,1008.000000
2025-05-13T09:53:37.240,174765,0,38.000000,37.000000,1018.000000
2025-05-13T09:53:37.241,174766,0,38.000000,20.000000,976.000000
2025-05-13T09:53:37.241,174767,0,-1.000000,20.000000,976.000000
2025-05-13T09:53:37.242,174768,0,-14.000000,18.000000,1006.000000
2025-05-13T09:53:37.242,174769,0,-14.000000,18.000000,1024.000000
2025-05-13T09:53:37.242,174770,0,34.000000,35.000000,1024.000000
2025-05-13T09:53:37.243,174771,0,3.000000,36.000000,1019.000000
2025-05-13T09:53:37.243,174772,0,-5.000000,36.000000,1019.000000
2025-05-13T09:53:37.243,174773,0,31.000000,45.000000,1018.000000
2025-05-13T09:53:37.244,174774,0,31.000000,45.000000,1025.000000
2025-05-13T09:53:37.244,174775,0,-3.000000,39.000000,1025.000000
2025-05-13T09:53:37.245,174776,0,36.000000,17.000000,1001.000000
2025-05-13T09:53:37.245,174777,0,36.000000,17.000000,1001.000000
2025-05-13T09:53:37.245,174778,0,20.000000,17.000000,1023.000000
2025-05-13T09:53:37.246,174779,0,20.000000,23.000000,979.000000
2025-05-13T09:53:37.246,174780,0,-6.000000,23.000000,979.000000
2025-05-13T09:53:37.247,174781,0,-14.000000,19.000000,1015.000000
2025-05-13T09:53:37.247,174782,0,-14.000000,19.000000,1007.000000
2025-05-13T09:53:37.247,174783,0,32.000000,40.000000,1007.000000
2025-05-13T09:53:37.248,174784,0,32.000000,16.000000,978.000000
2025-05-13T09:53:37.248,174785,0,30.000000,16.000000,978.000000
2025-05-13T09:53:37.249,174786,0,-12.000000,20.000000,981.000000
2025-05-13T09:53:37.249,174787,0,-12.000000,20.000000,1021.000000
2025-05-13T09:53:37.249,174788,0,32.000000,17.000000,1021.000000
2025-05-13T09:53:37.250,174789,0,-11.000000,34.000000,1024.000000
2025-05-13T09:53:37.250,174790,0,-11.000000,34.000000,1024.000000
2025-05-13T09:53:37.250,174791,0,-2.000000,43.000000,1018.000000
2025-05-13T09:53:37.251,174792,0,-2.000000,22.000000,980.000000
2025-05-13T09:53:37.251,174793,0,-4.000000,22.000000,980.000000
2025-05-13T09:53:37.252,174794,0,-13.000000,20.000000,999.000000
2025-05-13T09:53:37.252,174795,0,-13.000000,20.000000,1000.000000
2025-05-13T09:53:37.252,174796,0,30.000000,18.000000,1000.000000
2025-05-13T09:53:37.253,174797,0,30.000000,43.000000,1018.000000
2025-05-13T09:53:37.253,174798,0,33.000000,43.000000,1018.000000
2025-05-13T09:53:37.254,174799,0,-12.000000,22.000000,978.000000
2025-05-13T09:53:37.254,174800,0,-12.000000,22.000000,1001.000000
2025-05-13T09:53:37.254,174801,0,-6.000000,17.000000,1001.000000
2025-05-13T09:53:37.255,174802,0,-7.000000,16.000000,1028.000000
2025-05-13T09:53:37.255,174803,0,-7.000000,16.000000,1028.000000
2025-05-13T09:53:37.256,174804,0,-10.000000,25.000000,1018.000000
2025-05-13T09:53:37.256,174805,0,-10.000000,24.000000,1019.000000
2025-05-13T09:53:37.256,174806,0,-13.000000,24.000000,1019.000000
2025-05-13T09:53:37.257,174807,0,-8.000000,17.000000,1020.000000
2025-05-13T09:53:37.257,174808,0,-8.000000,17.000000,1022.000000
2025-05-13T09:53:37.258,174809,0,39.000000,35.000000,1022.000000
2025-05-13T09:53:37.258,174810,0,39.000000,43.000000,993.000000
2025-05-13T09:53:37.258,174811,0,36.000000,43.000000,993.000000
2025-05-13T09:53:37.259,174812,0,-6.000000,24.000000,1015.000000
2025-05-13T09:53:37.259,174813,0,-6.000000,24.000000,1025.000000
2025-05-13T09:53:37.259,174814,0,-10.000000,29.000000,1025.000000
2025-05-13T09:53:37.260,174815,0,39.000000,39.000000,1004.000000
2025-05-13T09:53:37.260,174816,0,39.000000,39.000000,1004.000000
2025-05-13T09:53:37.261,174817,0,31.000000,22.000000,969.000000
2025-05-13T09:53:37.261,174818,0,31.000000,17.000000,1015.000000
2025-05-13T09:53:37.261,174819,0,-14.000000,17.000000,1015.000000
2025-05-13T09:53:37.262,174820,0,-2.000000,19.000000,1021.000000
2025-05-13T09:53:37.262,174821,0,-2.000000,19.000000,1019.000000
2025-05-13T09:53:37.263,174822,0,-5.000000,43.000000,1019.000000
2025-05-13T09:53:37.263,174823,0,-5.000000,44.000000,980.000000
2025-05-13T09:53:37.263,174824,0,-5.000000,44.000000,980.000000
2025-05-13T09:53:37.264,174825,0,12.000000,17.000000,982.000000
2025-05-13T09:53:37.264,174826,0,12.000000,17.000000,1010.000000
2025-05-13T09:53:37.264,174827,0,-11.000000,41.000000,1010.000000
2025-05-13T09:53:37.265,174828,0,35.000000,26.000000,1019.000000
2025-05-13T09:53:37.265,174829,0,35.000000,26.000000,1019.000000
2025-05-13T09:53:37.266,174830,0,36.000000,23.000000,997.000000
2025-05-13T09:53:37.266,174831,0,36.000000,68.000000,978.000000
2025-05-13T09:53:37.266,174832,0,-14.000000,68.000000,978.000000
2025-05-13T09:53:37.267,174833,0,-5.000000,19.000000,999.000000
2025-05-13T09:53:37.267,174834,0,-5.000000,19.000000,977.000000
2025-05-13T09:53:37.268,174835,0,32.000000,19.000000,977.000000
2025-05-13T09:53:37.268,174836,0,32.000000,45.000000,978.000000
2025-05-13T09:53:37.268,174837,0,-6.000000,45.000000,978.000000
2025-05-13T09:53:37.269,174838,0,13.000000,16.000000,1014.000000
2025-05-13T09:53:37.269,174839,0,13.000000,16.000000,1024.000000
2025-05-13T09:53:37.270,174840,0,-4.000000,15.000000,1024.000000
2025-05-13T09:53:37.270,174841,0,37.000000,43.000000,1025.000000
2025-05-13T09:53:37.270,174842,0,37.000000,43.000000,1025.000000
2025-05-13T09:53:37.271,174843,0,-2.000000,25.000000,970.000000
2025-05-13T09:53:37.271,174844,0,-2.000000,17.000000,1015.000000
2025-05-13T09:53:37.272,174845,0,14.000000,17.000000,1015.000000
2025-05-13T09:53:37.272,174846,0,-10.000000,17.000000,1003.000000
2025-05-13T09:53:37.272,174847,0,-10.000000,17.000000,1020.000000
2025-05-13T09:53:37.273,174848,0,38.000000,44.000000,1020.000000
2025-05-13T09:53:37.273,174849,0,38.000000,21.000000,978.000000
2025-05-13T09:53:37.273,174850,0,-8.000000,21.000000,978.000000
2025-05-13T09:53:37.274,174851,0,-14.000000,45.000000,1017.000000
2025-05-13T09:53:37.274,174852,0,-14.000000,45.000000,1028.000000
2025-05-13T09:53:37.275,174853,0,-3.000000,16.000000,1028.000000
2025-05-13T09:53:37.275,174854,0,27.000000,43.000000,1021.000000
2025-05-13T09:53:37.275,174855,0,38.000000,43.000000,1021.000000
2025-05-13T09:53:37.276,174856,0,-6.000000,45.000000,980.000000
2025-05-13T09:53:37.276,174857,0,-6.000000,45.000000,979.000000
2025-05-13T09:53:37.277,174858,0,-12.000000,23.000000,979.000000
2025-05-13T09:53:37.277,174859,0,31.000000,37.000000,1003.000000
2025-05-13T09:53:37.277,174860,0,31.000000,37.000000,1003.000000
2025-05-13T09:53:37.278,174861,0,40.000000,18.000000,1015.000000
2025-05-13T09:53:37.278,174862,0,40.000000,45.000000,972.000000
2025-05-13T09:53:37.279,174863,0,35.000000,45.000000,972.000000
2025-05-13T09:53:37.279,174864,0,13.000000,20.000000,998.000000
2025-05-13T09:53:37.279,174865,0,13.000000,20.000000,1001.000000
2025-05-13T09:53:37.280,174866,0,39.000000,41.000000,1001.000000
2025-05-13T09:53:37.280,174867,0,8.000000,18.000000,1018.000000
2025-05-13T09:53:37.281,174868,0,-7.000000,18.000000,1018.000000
2025-05-13T09:53:37.281,174869,0,-11.000000,44.000000,1021.000000
2025-05-13T09:53:37.281,174870,0,-11.000000,44.000000,1018.000000
2025-05-13T09:53:37.282,174871,0,-14.000000,41.000000,1018.000000
2025-05-13T09:53:37.282,174872,0,-2.000000,21.000000,1001.000000
2025-05-13T09:53:37.282,174873,0,-2.000000,21.000000,970.000000
2025-05-13T09:53:37.283,174874,0,-1.000000,43.000000,981.000000
2025-05-13T09:53:37.283,174875,0,-1.000000,21.000000,976.000000
2025-05-13T09:53:37.284,174876,0,-9.000000,21.000000,976.000000
2025-05-13T09:53:37.284,174877,0,-15.000000,20.000000,1021.000000
2025-05-13T09:53:37.284,174878,0,-15.000000,20.000000,1003.000000
2025-05-13T09:53:37.285,174879,0,34.000000,16.000000,1003.000000
2025-05-13T09:53:37.285,174880,0,34.000000,22.000000,973.000000
2025-05-13T09:53:37.286,174881,0,39.000000,22.000000,973.000000
2025-05-13T09:53:37.286,174882,0,-8.000000,27.000000,982.000000
2025-05-13T09:53:37.286,174883,0,-8.000000,27.000000,1025.000000
2025-05-13T09:53:37.287,174884,0,32.000000,43.000000,1025.000000
2025-05-13T09:53:37.287,174885,0,36.000000,38.000000,1028.000000
2025-05-13T09:53:37.288,174886,0,36.000000,38.000000,1028.000000
2025-05-13T09:53:37.288,174887,0,31.000000,18.000000,1027.000000
2025-05-13T09:53:37.288,174888,0,31.000000,20.000000,980.000000
2025-05-13T09:53:37.289,174889,0,-10.000000,20.000000,980.000000
2025-05-13T09:53:37.289,174890,0,7.000000,22.000000,1027.000000
2025-05-13T09:53:37.289,174891,0,7.000000,22.000000,1024.000000
2025-05-13T09:53:37.290,174892,0,39.000000,44.000000,1024.000000
2025-05-13T09:53:37.290,174893,0,39.000000,20.000000,1018.000000
2025-05-13T09:53:37.291,174894,0,43.000000,20.000000,1018.000000
2025-05-13T09:53:37.291,174895,0,-6.000000,23.000000,1015.000000
2025-05-13T09:53:37.291,174896,0,-6.000000,23.000000,1003.000000
2025-05-13T09:53:37.292,174897,0,-5.000000,44.000000,1003.000000
2025-05-13T09:53:37.292,174898,0,37.000000,39.000000,1002.000000
2025-05-13T09:53:37.293,174899,0,37.000000,39.000000,1002.000000
2025-05-13T09:53:37.293,174900,0,-5.000000,41.000000,1025.000000
2025-05-13T09:53:37.293,174901,0,-5.000000,18.000000,1017.000000
2025-05-13T09:53:37.294,174902,0,-8.000000,18.000000,1017.000000
2025-05-13T09:53:37.294,174903,0,-8.000000,15.000000,1028.000000
2025-05-13T09:53:37.295,174904,0,-8.000000,15.000000,1005.000000
2025-05-13T09:53:37.295,174905,0,40.000000,39.000000,1005.000000
2025-05-13T09:53:37.295,174906,0,40.000000,18.000000,976.000000
2025-05-13T09:53:37.296,174907,0,37.000000,18.000000,976.000000
2025-05-13T09:53:37.296,174908,0,0.000000,25.000000,1020.000000
2025-05-13T09:53:37.296,174909,0,0.000000,25.000000,1004.000000
2025-05-13T09:53:37.297,174910,0,-14.000000,19.000000,1004.000000
2025-05-13T09:53:37.297,174911,0,44.000000,38.000000,1005.000000
2025-05-13T09:53:37.298,174912,0,44.000000,38.000000,1005.000000
2025-05-13T09:53:37.298,174913,0,34.000000,18.000000,1028.000000
2025-05-13T09:53:37.298,174914,0,34.000000,23.000000,1021.000000
2025-05-13T09:53:37.299,174915,0,-3.000000,23.000000,1021.000000
2025-05-13T09:53:37.299,174916,0,-9.000000,16.000000,1044.000000
2025-05-13T09:53:37.300,174917,0,-9.000000,16.000000,1025.000000
2025-05-13T09:53:37.300,174918,0,-1.000000,39.000000,1025.000000
2025-05-13T09:53:37.300,174919,0,-1.000000,42.000000,1027.000000
2025-05-13T09:53:37.301,174920,0,36.000000,42.000000,1027.000000
2025-05-13T09:53:37.301,174921,0,-14.000000,28.000000,1026.000000
2025-05-13T09:53:37.302,174922,0,-14.000000,28.000000,1048.000000
2025-05-13T09:53:37.302,174923,0,33.000000,18.000000,1048.000000
2025-05-13T09:53:37.302,174924,0,34.000000,36.000000,1028.000000
2025-05-13T09:53:37.303,174925,0,34.000000,36.000000,1028.000000
2025-05-13T09:53:37.303,174926,0,33.000000,18.000000,1015.000000
2025-05-13T09:53:37.304,174927,0,33.000000,20.000000,1021.000000
2025-05-13T09:53:37.304,174928,0,-7.000000,20.000000,1021.000000
2025-05-13T09:53:37.304,174929,0,-1.000000,41.000000,1002.000000
2025-05-13T09:53:37.305,174930,0,-1.000000,41.000000,1021.000000
2025-05-13T09:53:37.305,174931,0,0.000000,40.000000,1021.000000
2025-05-13T09:53:37.305,174932,0,0.000000,41.000000,1029.000000
2025-05-13T09:53:37.306,174933,0,13.000000,41.000000,1029.000000
2025-05-13T09:53:37.306,174934,0,-1.000000,19.000000,1023.000000
2025-05-13T09:53:37.307,174935,0,-1.000000,19.000000,1050.000000
2025-05-13T09:53:37.307,174936,0,-9.000000,43.000000,1050.000000
2025-05-13T09:53:37.307,174937,0,40.000000,15.000000,1004.000000
2025-05-13T09:53:37.308,174938,0,40.000000,15.000000,1004.000000
2025-05-13T09:53:37.308,174939,0,-5.000000,39.000000,979.000000
2025-05-13T09:53:37.309,174940,0,-5.000000,23.000000,1020.000000
2025-05-13T09:53:37.309,174941,0,13.000000,23.000000,1020.000000
2025-05-13T09:53:37.309,174942,0,-3.000000,33.000000,1044.000000
2025-05-13T09:53:37.310,174943,0,-3.000000,33.000000,1006.000000
2025-05-13T09:53:37.310,174944,0,32.000000,44.000000,1006.000000
2025-05-13T09:53:37.311,174945,0,32.000000,19.000000,1024.000000
2025-05-13T09:53:37.311,174946,0,0.000000,19.000000,1024.000000
2025-05-13T09:53:37.311,174947,0,-2.000000,36.000000,1018.000000
2025-05-13T09:53:37.312,174948,0,-2.000000,36.000000,1021.000000
2025-05-13T09:53:37.312,174949,0,-8.000000,39.000000,1021.000000
2025-05-13T09:53:37.312,174950,0,15.000000,42.000000,1025.000000
2025-05-13T09:53:37.313,174951,0,15.000000,42.000000,1025.000000
2025-05-13T09:53:37.313,174952,0,-6.000000,21.000000,996.000000
2025-05-13T09:53:37.314,174953,0,-6.000000,20.000000,1018.000000
2025-05-13T09:53:37.314,174954,0,-13.000000,20.000000,1018.000000
2025-05-13T09:53:37.314,174955,0,-6.000000,40.000000,1008.000000
2025-05-13T09:53:37.315,174956,0,-6.000000,40.000000,1017.000000
2025-05-13T09:53:37.315,174957,0,30.000000,41.000000,1017.000000
2025-05-13T09:53:37.316,174958,0,30.000000,16.000000,1022.000000
2025-05-13T09:53:37.316,174959,0,-2.000000,16.000000,1022.000000
2025-05-13T09:53:37.316,174960,0,-14.000000,43.000000,1017.000000
2025-05-13T09:53:37.317,174961,0,-14.000000,43.000000,1000.000000
2025-05-13T09:53:37.317,174962,0,-1.000000,16.000000,1000.000000
2025-05-13T09:53:37.318,174963,0,31.000000,19.000000,1014.000000
2025-05-13T09:53:37.318,174964,0,31.000000,19.000000,1014.000000
2025-05-13T09:53:37.318,174965,0,33.000000,26.000000,997.000000
2025-05-13T09:53:37.319,174966,0,33.000000,19.000000,981.000000
2025-05-13T09:53:37.319,174967,0,-14.000000,19.000000,981.000000
2025-05-13T09:53:37.320,174968,0,-2.000000,35.000000,1009.000000
2025-05-13T09:53:37.320,174969,0,-2.000000,35.000000,1015.000000
2025-05-13T09:53:37.320,174970,0,40.000000,45.000000,1015.000000
2025-05-13T09:53:37.321,174971,0,40.000000,29.000000,997.000000
2025-05-13T09:53:37.321,174972,0,-10.000000,29.000000,997.000000
2025-05-13T09:53:37.321,174973,0,-9.000000,22.000000,1023.000000
2025-05-13T09:53:37.322,174974,0,-9.000000,22.000000,1004.000000
2025-05-13T09:53:37.322,174975,0,-6.000000,45.000000,1004.000000
2025-05-13T09:53:37.323,174976,0,24.000000,37.000000,1016.000000
2025-05-13T09:53:37.323,174977,0,39.000000,37.000000,1016.000000
2025-05-13T09:53:37.323,174978,0,-11.000000,44.000000,978.000000
2025-05-13T09:53:37.324,174979,0,-11.000000,44.000000,982.000000
2025-05-13T09:53:37.324,174980,0,-7.000000,35.000000,982.000000
2025-05-13T09:53:37.325,174981,0,-2.000000,0.000000,1006.000000
2025-05-13T09:53:37.325,174982,0,-2.000000,0.000000,975.000000
2025-05-13T09:53:37.325,174983,0,38.000000,39.000000,979.000000
2025-05-13T09:53:37.326,174984,0,38.000000,45.000000,991.000000
2025-05-13T09:53:37.326,174985,0,32.000000,45.000000,991.000000
2025-05-13T09:53:37.327,174986,0,9.000000,19.000000,1015.000000
2025-05-13T09:53:37.327,174987,0,9.000000,19.000000,1018.000000
2025-05-13T09:53:37.327,174988,0,39.000000,31.000000,1018.000000
2025-05-13T09:53:37.328,174989,0,39.000000,37.000000,979.000000
2025-05-13T09:53:37.328,174990,0,31.000000,37.000000,979.000000
2025-05-13T09:53:37.329,174991,0,-6.000000,18.000000,973.000000
2025-05-13T09:53:37.329,174992,0,-6.000000,18.000000,982.000000
2025-05-13T09:53:37.329,174993,0,-11.000000,45.000000,982.000000
2025-05-13T09:53:37.330,174994,0,-2.000000,42.000000,1020.000000
2025-05-13T09:53:37.330,174995,0,-2.000000,42.000000,1020.000000
2025-05-13T09:53:37.330,174996,0,35.000000,44.000000,976.000000
2025-05-13T09:53:37.331,174997,0,35.000000,24.000000,977.000000
2025-05-13T09:53:37.331,174998,0,-7.000000,24.000000,977.000000
2025-05-13T09:53:37.332,174999,0,-12.000000,16.000000,1003.000000
2025-05-13T09:53:37.332,175000,0,-12.000000,16.000000,1022.000000
2025-05-13T09:53:37.332,175001,0,-6.000000,35.000000,1022.000000
2025-05-13T09:53:37.333,175002,0,-6.000000,17.000000,974.000000
2025-05-13T09:53:37.333,175003,0,37.000000,17.000000,974.000000
2025-05-13T09:53:37.334,175004,0,-5.000000,24.000000,970.000000
2025-05-13T09:53:37.334,175005,0,-5.000000,24.000000,1028.000000
2025-05-13T09:53:37.334,175006,0,37.000000,19.000000,1028.000000
2025-05-13T09:53:37.335,175007,0,-2.000000,15.000000,979.000000
2025-05-13T09:53:37.335,175008,0,-2.000000,15.000000,979.000000
2025-05-13T09:53:37.335,175009,0,-6.000000,42.000000,973.000000
2025-05-13T09:53:37.336,175010,0,-6.000000,45.000000,973.000000
2025-05-13T09:53:37.336,175011,0,-1.000000,45.000000,973.000000
2025-05-13T09:53:37.337,175012,0,-12.000000,17.000000,1026.000000
2025-05-13T09:53:37.337,175013,0,-12.000000,17.000000,1022.000000
2025-05-13T09:53:37.337,175014,0,45.000000,17.000000,1022.000000
2025-05-13T09:53:37.338,175015,0,45.000000,18.000000,996.000000
2025-05-13T09:53:37.338,175016,0,31.000000,18.000000,996.000000
2025-05-13T09:53:37.339,175017,0,-4.000000,27.000000,976.000000
2025-05-13T09:53:37.339,175018,0,-4.000000,27.000000,1003.000000
2025-05-13T09:53:37.339,175019,0,-12.000000,20.000000,1003.000000
2025-05-13T09:53:37.340,175020,0,39.000000,38.000000,1014.000000
2025-05-13T09:53:37.340,175021,0,39.000000,38.000000,1014.000000
2025-05-13T09:53:37.341,175022,0,-3.000000,22.000000,978.000000
2025-05-13T09:53:37.341,175023,0,-3.000000,45.000000,1016.000000
2025-05-13T09:53:37.341,175024,0,-2.000000,45.000000,1016.000000
2025-05-13T09:53:37.342,175025,0,34.000000,21.000000,1026.000000
2025-05-13T09:53:37.342,175026,0,34.000000,21.000000,1020.000000
2025-05-13T09:53:37.343,175027,0,-4.000000,45.000000,1020.000000
2025-05-13T09:53:37.343,175028,0,-4.000000,39.000000,994.000000
2025-05-13T09:53:37.343,175029,0,42.000000,39.000000,994.000000
2025-05-13T09:53:37.344,175030,0,9.000000,25.000000,1023.000000
2025-05-13T09:53:37.344,175031,0,9.000000,25.000000,1010.000000
2025-05-13T09:53:37.345,175032,0,-11.000000,42.000000,1010.000000
2025-05-13T09:53:37.345,175033,0,34.000000,45.000000,1022.000000
2025-05-13T09:53:37.345,175034,0,34.000000,45.000000,1022.000000
2025-05-13T09:53:37.346,175035,0,33.000000,20.000000,969.000000
2025-05-13T09:53:37.346,175036,0,33.000000,28.000000,1027.000000
2025-05-13T09:53:37.346,175037,0,-11.000000,28.000000,1027.000000
2025-05-13T09:53:37.347,175038,0,-2.000000,24.000000,1013.000000
2025-05-13T09:53:37.347,175039,0,-2.000000,24.000000,981.000000
2025-05-13T09:53:37.348,175040,0,42.000000,15.000000,981.000000
2025-05-13T09:53:37.348,175041,0,42.000000,41.000000,1017.000000
2025-05-13T09:53:37.348,175042,0,-3.000000,41.000000,1017.000000
2025-05-13T09:53:37.349,175043,0,33.000000,19.000000,1017.000000
2025-05-13T09:53:37.349,175044,0,33.000000,19.000000,1012.000000
2025-05-13T09:53:37.350,175045,0,-3.000000,42.000000,1012.000000
2025-05-13T09:53:37.350,175046,0,41.000000,45.000000,1026.000000
2025-05-13T09:53:37.350,175047,0,41.000000,45.000000,1026.000000
2025-05-13T09:53:37.351,175048,0,-4.000000,17.000000,979.000000
2025-05-13T09:53:37.351,175049,0,-4.000000,64.000000,1026.000000
2025-05-13T09:53:37.351,175050,0,-14.000000,64.000000,1026.000000
2025-05-13T09:53:37.352,175051,0,-3.000000,44.000000,1008.000000
2025-05-13T09:53:37.352,175052,0,-3.000000,44.000000,1023.000000
2025-05-13T09:53:37.353,175053,0,-7.000000,20.000000,1023.000000
2025-05-13T09:53:37.353,175054,0,-7.000000,18.000000,1018.000000
2025-05-13T09:53:37.353,175055,0,-4.000000,18.000000,1018.000000
2025-05-13T09:53:37.354,175056,0,-9.000000,21.000000,999.000000
2025-05-13T09:53:37.354,175057,0,-9.000000,21.000000,1001.000000
2025-05-13T09:53:37.355,175058,0,34.000000,22.000000,1001.000000
2025-05-13T09:53:37.355,175059,0,30.000000,44.000000,1019.000000
2025-05-13T09:53:37.355,175060,0,30.000000,44.000000,1019.000000
2025-05-13T09:53:37.356,175061,0,33.000000,20.000000,997.000000
2025-05-13T09:53:37.356,175062,0,33.000000,27.000000,1001.000000
2025-05-13T09:53:37.357,175063,0,8.000000,27.000000,1001.000000
2025-05-13T09:53:37.357,175064,0,-5.000000,21.000000,1012.000000
2025-05-13T09:53:37.357,175065,0,-5.000000,21.000000,1012.000000
2025-05-13T09:53:37.358,175066,0,37.000000,18.000000,1021.000000
2025-05-13T09:53:37.358,175067,0,37.000000,21.000000,996.000000
2025-05-13T09:53:37.359,175068,0,0.000000,21.000000,996.000000
2025-05-13T09:53:37.359,175069,0,-8.000000,45.000000,1023.000000
2025-05-13T09:53:37.359,175070,0,-8.000000,45.000000,1023.000000
2025-05-13T09:53:37.360,175071,0,-6.000000,39.000000,1023.000000
2025-05-13T09:53:37.360,175072,0,23.000000,22.000000,1027.000000
2025-05-13T09:53:37.360,175073,0,31.000000,22.000000,1027.000000
2025-05-13T09:53:37.361,175074,0,-3.000000,21.000000,1023.000000
2025-05-13T09:53:37.361,175075,0,-3.000000,21.000000,1024.000000
2025-05-13T09:53:37.362,175076,0,-2.000000,17.000000,1024.000000
2025-05-13T09:53:37.362,175077,0,0.000000,15.000000,1003.000000
2025-05-13T09:53:37.362,175078,0,0.000000,15.000000,1003.000000
2025-05-13T09:53:37.363,175079,0,16.000000,42.000000,1021.000000
2025-05-13T09:53:37.363,175080,0,16.000000,30.000000,978.000000
2025-05-13T09:53:37.364,175081,0,-11.000000,30.000000,978.000000
2025-05-13T09:53:37.364,175082,0,-11.000000,24.000000,1022.000000
2025-05-13T09:53:37.364,175083,0,-11.000000,24.000000,1005.000000
2025-05-13T09:53:37.365,175084,0,-4.000000,42.000000,1005.000000
2025-05-13T09:53:37.365,175085,0,-4.000000,21.000000,973.000000
2025-05-13T09:53:37.366,175086,0,42.000000,21.000000,973.000000
2025-05-13T09:53:37.366,175087,0,-8.000000,24.000000,1014.000000
2025-05-13T09:53:37.366,175088,0,-8.000000,24.000000,1014.000000
2025-05-13T09:53:37.367,175089,0,35.000000,18.000000,1014.000000
2025-05-13T09:53:37.367,175090,0,-2.000000,41.000000,1017.000000
2025-05-13T09:53:37.367,175091,0,-2.000000,41.000000,1017.000000
2025-05-13T09:53:37.368,175092,0,35.000000,41.000000,977.000000
2025-05-13T09:53:37.368,175093,0,35.000000,23.000000,1015.000000
2025-05-13T09:53:37.369,175094,0,36.000000,23.000000,1015.000000
2025-05-13T09:53:37.369,175095,0,-5.000000,16.000000,1014.000000
2025-05-13T09:53:37.369,175096,0,-5.000000,16.000000,1002.000000
2025-05-13T09:53:37.370,175097,0,40.000000,35.000000,1002.000000
2025-05-13T09:53:37.370,175098,0,40.000000,19.000000,997.000000
2025-05-13T09:53:37.371,175099,0,42.000000,19.000000,997.000000
2025-05-13T09:53:37.371,175100,0,34.000000,62.000000,1015.000000
2025-05-13T09:53:37.371,175101,0,34.000000,62.000000,999.000000
2025-05-13T09:53:37.372,175102,0,-12.000000,25.000000,999.000000
2025-05-13T09:53:37.372,175103,0,37.000000,44.000000,1023.000000
2025-05-13T09:53:37.373,175104,0,37.000000,44.000000,1023.000000
2025-05-13T09:53:37.373,175105,0,-1.000000,21.000000,977.000000
2025-05-13T09:53:37.373,175106,0,-1.000000,17.000000,1020.000000
2025-05-13T09:53:37.374,175107,0,0.000000,17.000000,1020.000000
2025-05-13T09:53:37.374,175108,0,36.000000,15.000000,1017.000000
2025-05-13T09:53:37.374,175109,0,36.000000,15.000000,1019.000000
2025-05-13T09:53:37.375,175110,0,36.000000,43.000000,1019.000000
2025-05-13T09:53:37.375,175111,0,36.000000,39.000000,979.000000
2025-05-13T09:53:37.376,175112,0,0.000000,39.000000,979.000000
2025-05-13T09:53:37.376,175113,0,-12.000000,21.000000,980.000000
2025-05-13T09:53:37.376,175114,0,-12.000000,21.000000,1011.000000
2025-05-13T09:53:37.377,175115,0,-4.000000,19.000000,1011.000000
2025-05-13T09:53:37.377,175116,0,20.000000,17.000000,1022.000000
2025-05-13T09:53:37.378,175117,0,20.000000,17.000000,1022.000000
2025-05-13T09:53:37.378,175118,0,32.000000,45.000000,970.000000
2025-05-13T09:53:37.378,175119,0,32.000000,21.000000,1019.000000
2025-05-13T09:53:37.379,175120,0,-6.000000,21.000000,1019.000000
2025-05-13T09:53:37.379,175121,0,-3.000000,38.000000,1002.000000
2025-05-13T09:53:37.380,175122,0,-3.000000,38.000000,974.000000
2025-05-13T09:53:37.380,175123,0,17.000000,16.000000,974.000000
2025-05-13T09:53:37.380,175124,0,17.000000,23.000000,1015.000000
2025-05-13T09:53:37.381,175125,0,34.000000,23.000000,1015.000000
2025-05-13T09:53:37.381,175126,0,37.000000,19.000000,980.000000
2025-05-13T09:53:37.382,175127,0,37.000000,19.000000,1026.000000
2025-05-13T09:53:37.382,175128,0,-4.000000,36.000000,1026.000000
2025-05-13T09:53:37.382,175129,0,33.000000,43.000000,1015.000000
2025-05-13T09:53:37.383,175130,0,33.000000,43.000000,1015.000000
2025-05-13T09:53:37.383,175131,0,33.000000,23.000000,971.000000
2025-05-13T09:53:37.383,175132,0,33.000000,23.000000,980.000000
2025-05-13T09:53:37.384,175133,0,10.000000,22.000000,980.000000
2025-05-13T09:53:37.384,175134,0,-2.000000,41.000000,1002.000000
2025-05-13T09:53:37.385,175135,0,-2.000000,41.000000,1002.000000
2025-05-13T09:53:37.385,175136,0,36.000000,45.000000,1016.000000
2025-05-13T09:53:37.385,175137,0,36.000000,18.000000,994.000000
2025-05-13T09:53:37.386,175138,0,-6.000000,18.000000,994.000000
2025-05-13T09:53:37.386,175139,0,14.000000,44.000000,1019.000000
2025-05-13T09:53:37.387,175140,0,14.000000,44.000000,1026.000000
2025-05-13T09:53:37.387,175141,0,33.000000,41.000000,1026.000000
2025-05-13T09:53:37.387,175142,0,33.000000,16.000000,1020.000000
2025-05-13T09:53:37.388,175143,0,38.000000,16.000000,1020.000000
2025-05-13T09:53:37.388,175144,0,-3.000000,16.000000,981.000000
2025-05-13T09:53:37.389,175145,0,-3.000000,16.000000,1014.000000
2025-05-13T09:53:37.389,175146,0,-2.000000,42.000000,1014.000000
2025-05-13T09:53:37.389,175147,0,36.000000,41.000000,1001.000000
2025-05-13T09:53:37.390,175148,0,36.000000,41.000000,970.000000
2025-05-13T09:53:37.390,175149,0,18.000000,16.000000,981.000000
2025-05-13T09:53:37.391,175150,0,18.000000,27.000000,1016.000000
2025-05-13T09:53:37.391,175151,0,36.000000,27.000000,1016.000000
2025-05-13T09:53:37.391,175152,0,-12.000000,44.000000,1025.000000
2025-05-13T09:53:37.392,175153,0,-12.000000,44.000000,1013.000000
2025-05-13T09:53:37.392,175154,0,32.000000,34.000000,1013.000000
2025-05-13T09:53:37.392,175155,0,32.000000,42.000000,981.000000
2025-05-13T09:53:37.393,175156,0,36.000000,42.000000,981.000000
2025-05-13T09:53:37.393,175157,0,-3.000000,24.000000,1017.000000
2025-05-13T09:53:37.394,175158,0,-3.000000,24.000000,1018.000000
2025-05-13T09:53:37.394,175159,0,-6.000000,40.000000,1018.000000
2025-05-13T09:53:37.394,175160,0,-3.000000,40.000000,1017.000000
2025-05-13T09:53:37.395,175161,0,-3.000000,40.000000,1017.000000
2025-05-13T09:53:37.395,175162,0,44.000000,42.000000,1018.000000
2025-05-13T09:53:37.396,175163,0,44.000000,22.000000,1016.000000
2025-05-13T09:53:37.396,175164,0,-7.000000,22.000000,1016.000000
2025-05-13T09:53:37.396,175165,0,-2.000000,42.000000,1011.000000
2025-05-13T09:53:37.397,175166,0,-2.000000,42.000000,1008.000000
2025-05-13T09:53:37.397,175167,0,0.000000,42.000000,1008.000000
2025-05-13T09:53:37.398,175168,0,0.000000,43.000000,975.000000
2025-05-13T09:53:37.398,175169,0,42.000000,43.000000,975.000000
2025-05-13T09:53:37.398,175170,0,-9.000000,30.000000,980.000000
2025-05-13T09:53:37.399,175171,0,-9.000000,30.000000,1002.000000
2025-05-13T09:53:37.399,175172,0,35.000000,19.000000,1002.000000
2025-05-13T09:53:37.399,175173,0,35.000000,17.000000,1017.000000
2025-05-13T09:53:37.400,175174,0,35.000000,17.000000,1017.000000
2025-05-13T09:53:37.400,175175,0,0.000000,38.000000,1018.000000
2025-05-13T09:53:37.401,175176,0,0.000000,15.000000,1021.000000
2025-05-13T09:53:37.401,175177,0,33.000000,15.000000,1021.000000
2025-05-13T09:53:37.401,175178,0,-3.000000,23.000000,1044.000000
2025-05-13T09:53:37.402,175179,0,-3.000000,23.000000,1026.000000
2025-05-13T09:53:37.402,175180,0,43.000000,39.000000,1026.000000
2025-05-13T09:53:37.403,175181,0,43.000000,17.000000,1018.000000
2025-05-13T09:53:37.403,175182,0,33.000000,17.000000,1018.000000
2025-05-13T09:53:37.403,175183,0,-13.000000,24.000000,1017.000000
2025-05-13T09:53:37.404,175184,0,-13.000000,24.000000,1004.000000
2025-05-13T09:53:37.404,175185,0,-8.000000,43.000000,1004.000000
2025-05-13T09:53:37.405,175186,0,40.000000,16.000000,1026.000000
2025-05-13T09:53:37.405,175187,0,40.000000,16.000000,1026.000000
2025-05-13T09:53:37.405,175188,0,-2.000000,44.000000,1026.000000
2025-05-13T09:53:37.406,175189,0,-2.000000,16.000000,1024.000000
2025-05-13T09:53:37.406,175190,0,-4.000000,16.000000,1024.000000
2025-05-13T09:53:37.406,175191,0,-3.000000,42.000000,1025.000000
2025-05-13T09:53:37.407,175192,0,-3.000000,42.000000,1028.000000
2025-05-13T09:53:37.407,175193,0,36.000000,33.000000,1028.000000
2025-05-13T09:53:37.408,175194,0,36.000000,45.000000,976.000000
2025-05-13T09:53:37.408,175195,0,40.000000,45.000000,976.000000
2025-05-13T09:53:37.408,175196,0,15.000000,27.000000,1016.000000
2025-05-13T09:53:37.409,175197,0,15.000000,27.000000,1028.000000
2025-05-13T09:53:37.409,175198,0,-8.000000,23.000000,1028.000000
2025-05-13T09:53:37.410,175199,0,36.000000,42.000000,1001.000000
2025-05-13T09:53:37.410,175200,0,36.000000,42.000000,1001.000000
2025-05-13T09:53:37.410,175201,0,-4.000000,39.000000,978.000000
2025-05-13T09:53:37.411,175202,0,-4.000000,40.000000,1023.000000
2025-05-13T09:53:37.411,175203,0,-9.000000,40.000000,1023.000000
2025-05-13T09:53:37.412,175204,0,-2.000000,18.000000,1023.000000
2025-05-13T09:53:37.412,175205,0,-2.000000,18.000000,1021.000000
2025-05-13T09:53:37.412,175206,0,37.000000,44.000000,1021.000000
2025-05-13T09:53:37.413,175207,0,37.000000,41.000000,1024.000000
2025-05-13T09:53:37.413,175208,0,32.000000,41.000000,1024.000000
2025-05-13T09:53:37.414,175209,0,-8.000000,16.000000,1027.000000
2025-05-13T09:53:37.414,175210,0,-8.000000,16.000000,1047.000000
2025-05-13T09:53:37.414,175211,0,-6.000000,21.000000,1047.000000
2025-05-13T09:53:37.415,175212,0,19.000000,15.000000,1016.000000
2025-05-13T09:53:37.415,175213,0,19.000000,15.000000,1016.000000
2025-05-13T09:53:37.415,175214,0,-5.000000,19.000000,974.000000
2025-05-13T09:53:37.416,175215,0,-5.000000,19.000000,1024.000000
2025-05-13T09:53:37.416,175216,0,15.000000,19.000000,1024.000000
2025-05-13T09:53:37.417,175217,0,33.000000,40.000000,1047.000000
2025-05-13T09:53:37.417,175218,0,33.000000,40.000000,1025.000000
2025-05-13T09:53:37.417,175219,0,-4.000000,20.000000,1025.000000
2025-05-13T09:53:37.418,175220,0,-4.000000,19.000000,1017.000000
2025-05-13T09:53:37.418,175221,0,33.000000,19.000000,1017.000000
2025-05-13T09:53:37.419,175222,0,12.000000,15.000000,1001.000000
2025-05-13T09:53:37.419,175223,0,12.000000,15.000000,1000.000000
2025-05-13T09:53:37.419,175224,0,35.000000,20.000000,1000.000000
2025-05-13T09:53:37.420,175225,0,-1.000000,16.000000,1024.000000
2025-05-13T09:53:37.420,175226,0,-1.000000,16.000000,1024.000000
2025-05-13T09:53:37.421,175227,0,-7.000000,24.000000,969.000000
2025-05-13T09:53:37.421,175228,0,-7.000000,16.000000,1020.000000
2025-05-13T09:53:37.421,175229,0,9.000000,16.000000,1020.000000
2025-05-13T09:53:37.422,175230,0,0.000000,44.000000,1009.000000
2025-05-13T09:53:37.422,175231,0,0.000000,44.000000,998.000000
2025-05-13T09:53:37.423,175232,0,42.000000,16.000000,998.000000
2025-05-13T09:53:37.423,175233,0,42.000000,62.000000,973.000000
2025-05-13T09:53:37.423,175234,0,-5.000000,62.000000,973.000000
2025-05-13T09:53:37.424,175235,0,-5.000000,15.000000,1021.000000
2025-05-13T09:53:37.424,175236,0,-5.000000,15.000000,1027.000000
2025-05-13T09:53:37.424,175237,0,32.000000,18.000000,1027.000000
2025-05-13T09:53:37.425,175238,0,35.000000,23.000000,1001.000000
2025-05-13T09:53:37.425,175239,0,35.000000,23.000000,1001.000000
2025-05-13T09:53:37.426,175240,0,-7.000000,17.000000,982.000000
2025-05-13T09:53:37.426,175241,0,-7.000000,17.000000,979.000000
2025-05-13T09:53:37.426,175242,0,4.000000,43.000000,979.000000
2025-05-13T09:53:37.427,175243,0,-7.000000,-3.000000,1011.000000
2025-05-13T09:53:37.427,175244,0,-7.000000,-3.000000,1011.000000
2025-05-13T09:53:37.428,175245,0,16.000000,18.000000,1028.000000
2025-05-13T09:53:37.428,175246,0,16.000000,44.000000,979.000000
2025-05-13T09:53:37.428,175247,0,-6.000000,44.000000,979.000000
2025-05-13T09:53:37.429,175248,0,-12.000000,45.000000,998.000000
2025-05-13T09:53:37.429,175249,0,-12.000000,45.000000,1004.000000
2025-05-13T09:53:37.430,175250,0,37.000000,41.000000,1004.000000
2025-05-13T09:53:37.430,175251,0,37.000000,42.000000,1016.000000
2025-05-13T09:53:37.430,175252,0,31.000000,42.000000,1016.000000
2025-05-13T09:53:37.431,175253,0,-10.000000,44.000000,981.000000
2025-05-13T09:53:37.431,175254,0,-10.000000,44.000000,977.000000
2025-05-13T09:53:37.431,175255,0,-4.000000,19.000000,977.000000
2025-05-13T09:53:37.432,175256,0,-1.000000,27.000000,1002.000000
2025-05-13T09:53:37.432,175257,0,-1.000000,27.000000,1002.000000
2025-05-13T09:53:37.433,175258,0,39.000000,43.000000,1017.000000
2025-05-13T09:53:37.433,175259,0,39.000000,25.000000,968.000000
2025-05-13T09:53:37.433,175260,0,-8.000000,25.000000,968.000000
2025-05-13T09:53:37.434,175261,0,-4.000000,26.000000,1026.000000
2025-05-13T09:53:37.434,175262,0,-4.000000,26.000000,1029.000000
2025-05-13T09:53:37.435,175263,0,0.000000,17.000000,1029.000000
2025-05-13T09:53:37.435,175264,0,0.000000,45.000000,998.000000
2025-05-13T09:53:37.435,175265,0,35.000000,45.000000,998.000000
2025-05-13T09:53:37.436,175266,0,-10.000000,25.000000,972.000000
2025-05-13T09:53:37.436,175267,0,-10.000000,25.000000,1020.000000
2025-05-13T09:53:37.437,175268,0,32.000000,25.000000,1020.000000
2025-05-13T09:53:37.437,175269,0,-2.000000,20.000000,1021.000000
2025-05-13T09:53:37.437,175270,0,-2.000000,20.000000,1021.000000
2025-05-13T09:53:37.438,175271,0,-4.000000,25.000000,1015.000000
2025-05-13T09:53:37.438,175272,0,-4.000000,19.000000,980.000000
2025-05-13T09:53:37.438,175273,0,-8.000000,19.000000,980.000000
2025-05-13T09:53:37.439,175274,0,10.000000,44.000000,1007.000000
2025-05-13T09:53:37.439,175275,0,10.000000,44.000000,1019.000000
2025-05-13T09:53:37.440,175276,0,36.000000,39.000000,1019.000000
2025-05-13T09:53:37.440,175277,0,36.000000,42.000000,972.000000
2025-05-13T09:53:37.440,175278,0,-3.000000,42.000000,972.000000
2025-05-13T09:53:37.441,175279,0,-4.000000,21.000000,1016.000000
2025-05-13T09:53:37.441,175280,0,-4.000000,21.000000,1008.000000
2025-05-13T09:53:37.442,175281,0,-14.000000,18.000000,1008.000000
2025-05-13T09:53:37.442,175282,0,-3.000000,42.000000,1016.000000
2025-05-13T09:53:37.442,175283,0,-3.000000,42.000000,1016.000000
2025-05-13T09:53:37.443,175284,0,-11.000000,15.000000,972.000000
2025-05-13T09:53:37.443,175285,0,-11.000000,20.000000,1019.000000
2025-05-13T09:53:37.444,175286,0,-11.000000,20.000000,1019.000000
2025-05-13T09:53:37.444,175287,0,31.000000,19.000000,1025.000000
2025-05-13T09:53:37.444,175288,0,31.000000,19.000000,982.000000
2025-05-13T09:53:37.445,175289,0,-11.000000,38.000000,982.000000
2025-05-13T09:53:37.445,175290,0,-11.000000,44.000000,968.000000
2025-05-13T09:53:37.446,175291,0,39.000000,44.000000,968.000000
2025-05-13T09:53:37.446,175292,0,8.000000,22.000000,981.000000
2025-05-13T09:53:37.446,175293,0,8.000000,22.000000,998.000000
2025-05-13T09:53:37.447,175294,0,-1.000000,22.000000,998.000000
2025-05-13T09:53:37.447,175295,0,35.000000,37.000000,1014.000000
2025-05-13T09:53:37.447,175296,0,35.000000,37.000000,1014.000000
2025-05-13T09:53:37.448,175297,0,35.000000,21.000000,993.000000
2025-05-13T09:53:37.448,175298,0,35.000000,22.000000,1016.000000
2025-05-13T09:53:37.449,175299,0,-14.000000,22.000000,1016.000000
2025-05-13T09:53:37.449,175300,0,-2.000000,27.000000,1026.000000
2025-05-13T09:53:37.449,175301,0,-2.000000,27.000000,978.000000
2025-05-13T09:53:37.450,175302,0,40.000000,17.000000,978.000000
2025-05-13T09:53:37.450,175303,0,40.000000,42.000000,976.000000
2025-05-13T09:53:37.451,175304,0,-6.000000,42.000000,976.000000
2025-05-13T09:53:37.451,175305,0,11.000000,26.000000,1015.000000
2025-05-13T09:53:37.451,175306,0,11.000000,26.000000,1011.000000
2025-05-13T09:53:37.452,175307,0,-11.000000,45.000000,1011.000000
2025-05-13T09:53:37.452,175308,0,45.000000,45.000000,1020.000000
2025-05-13T09:53:37.453,175309,0,45.000000,45.000000,1020.000000
2025-05-13T09:53:37.453,175310,0,-7.000000,20.000000,972.000000
2025-05-13T09:53:37.453,175311,0,-7.000000,26.000000,979.000000
2025-05-13T09:53:37.454,175312,0,12.000000,26.000000,979.000000
2025-05-13T09:53:37.454,175313,0,-3.000000,45.000000,1005.000000
2025-05-13T09:53:37.454,175314,0,-3.000000,45.000000,1022.000000
2025-05-13T09:53:37.455,175315,0,33.000000,22.000000,1022.000000
2025-05-13T09:53:37.455,175316,0,33.000000,19.000000,1014.000000
2025-05-13T09:53:37.456,175317,0,-7.000000,19.000000,1014.000000
2025-05-13T09:53:37.456,175318,0,-13.000000,17.000000,1020.000000
2025-05-13T09:53:37.456,175319,0,-13.000000,17.000000,1028.000000
2025-05-13T09:53:37.457,175320,0,-3.000000,41.000000,1028.000000
2025-05-13T09:53:37.457,175321,0,38.000000,35.000000,1024.000000
2025-05-13T09:53:37.458,175322,0,38.000000,35.000000,1024.000000
2025-05-13T09:53:37.458,175323,0,-6.000000,18.000000,989.000000
2025-05-13T09:53:37.458,175324,0,-6.000000,42.000000,1014.000000
2025-05-13T09:53:37.459,175325,0,11.000000,42.000000,1014.000000
2025-05-13T09:53:37.459,175326,0,-3.000000,44.000000,1005.000000
2025-05-13T09:53:37.460,175327,0,-3.000000,44.000000,1020.000000
2025-05-13T09:53:37.460,175328,0,44.000000,35.000000,1020.000000
2025-05-13T09:53:37.460,175329,0,44.000000,17.000000,971.000000
2025-05-13T09:53:37.461,175330,0,-2.000000,17.000000,971.000000
2025-05-13T09:53:37.461,175331,0,-3.000000,17.000000,1017.000000
2025-05-13T09:53:37.462,175332,0,-3.000000,17.000000,999.000000
2025-05-13T09:53:37.462,175333,0,32.000000,42.000000,999.000000
2025-05-13T09:53:37.462,175334,0,32.000000,23.000000,1021.000000
2025-05-13T09:53:37.463,175335,0,32.000000,23.000000,1021.000000
2025-05-13T09:53:37.463,175336,0,-5.000000,17.000000,979.000000
2025-05-13T09:53:37.463,175337,0,-5.000000,17.000000,1019.000000
2025-05-13T09:53:37.464,175338,0,-10.000000,20.000000,1019.000000
2025-05-13T09:53:37.464,175339,0,32.000000,33.000000,1006.000000
2025-05-13T09:53:37.465,175340,0,32.000000,33.000000,1006.000000
2025-05-13T09:53:37.465,175341,0,17.000000,41.000000,1026.000000
2025-05-13T09:53:37.465,175342,0,17.000000,17.000000,997.000000
2025-05-13T09:53:37.466,175343,0,33.000000,17.000000,997.000000
2025-05-13T09:53:37.466,175344,0,10.000000,22.000000,999.000000
2025-05-13T09:53:37.467,175345,0,10.000000,22.000000,1022.000000
2025-05-13T09:53:37.467,175346,0,-5.000000,41.000000,1022.000000
2025-05-13T09:53:37.467,175347,0,-5.000000,41.000000,1024.000000
2025-05-13T09:53:37.468,175348,0,-2.000000,41.000000,1024.000000
2025-05-13T09:53:37.468,175349,0,31.000000,44.000000,980.000000
2025-05-13T09:53:37.468,175350,0,31.000000,44.000000,979.000000
2025-05-13T09:53:37.469,175351,0,-8.000000,43.000000,979.000000
2025-05-13T09:53:37.469,175352,0,-8.000000,38.000000,1009.000000
2025-05-13T09:53:37.470,175353,0,-8.000000,38.000000,979.000000
2025-05-13T09:53:37.470,175354,0,40.000000,18.000000,979.000000
2025-05-13T09:53:37.470,175355,0,40.000000,23.000000,976.000000
2025-05-13T09:53:37.471,175356,0,35.000000,23.000000,976.000000
2025-05-13T09:53:37.471,175357,0,-10.000000,43.000000,1020.000000
2025-05-13T09:53:37.472,175358,0,-10.000000,43.000000,1012.000000
2025-05-13T09:53:37.472,175359,0,-3.000000,37.000000,1012.000000
2025-05-13T09:53:37.472,175360,0,26.000000,17.000000,971.000000
2025-05-13T09:53:37.473,175361,0,32.000000,17.000000,971.000000
2025-05-13T09:53:37.473,175362,0,31.000000,20.000000,1025.000000
2025-05-13T09:53:37.474,175363,0,31.000000,20.000000,1023.000000
2025-05-13T09:53:37.474,175364,0,-3.000000,43.000000,1023.000000
2025-05-13T09:53:37.474,175365,0,-8.000000,45.000000,1019.000000
2025-05-13T09:53:37.475,175366,0,-8.000000,45.000000,1019.000000
2025-05-13T09:53:37.475,175367,0,35.000000,15.000000,1017.000000
2025-05-13T09:53:37.476,175368,0,35.000000,18.000000,975.000000
2025-05-13T09:53:37.476,175369,0,-1.000000,18.000000,975.000000
2025-05-13T09:53:37.476,175370,0,-6.000000,42.000000,1003.000000
2025-05-13T09:53:37.477,175371,0,-6.000000,42.000000,1017.000000
2025-05-13T09:53:37.477,175372,0,-1.000000,35.000000,1017.000000
2025-05-13T09:53:37.478,175373,0,-1.000000,17.000000,977.000000
2025-05-13T09:53:37.478,175374,0,42.000000,17.000000,977.000000
2025-05-13T09:53:37.478,175375,0,-9.000000,27.000000,974.000000
2025-05-13T09:53:37.479,175376,0,-9.000000,27.000000,1002.000000
2025-05-13T09:53:37.479,175377,0,-7.000000,44.000000,1002.000000
2025-05-13T09:53:37.479,175378,0,-1.000000,45.000000,1021.000000
2025-05-13T09:53:37.480,175379,0,-1.000000,45.000000,1021.000000
2025-05-13T09:53:37.480,175380,0,31.000000,22.000000,982.000000
2025-05-13T09:53:37.481,175381,0,31.000000,15.000000,1021.000000
2025-05-13T09:53:37.481,175382,0,-1.000000,15.000000,1021.000000
2025-05-13T09:53:37.481,175383,0,34.000000,41.000000,1024.000000
2025-05-13T09:53:37.482,175384,0,34.000000,41.000000,1000.000000
2025-05-13T09:53:37.482,175385,0,40.000000,35.000000,1000.000000
2025-05-13T09:53:37.483,175386,0,40.000000,44.000000,973.000000
2025-05-13T09:53:37.483,175387,0,32.000000,44.000000,973.000000
2025-05-13T09:53:37.483,175388,0,-15.000000,45.000000,1015.000000
2025-05-13T09:53:37.484,175389,0,-15.000000,45.000000,1021.000000
2025-05-13T09:53:37.484,175390,0,-9.000000,41.000000,1021.000000
2025-05-13T09:53:37.485,175391,0,42.000000,34.000000,1024.000000
2025-05-13T09:53:37.485,175392,0,42.000000,34.000000,1024.000000
2025-05-13T09:53:37.485,175393,0,33.000000,18.000000,974.000000
2025-05-13T09:53:37.486,175394,0,33.000000,36.000000,1015.000000
2025-05-13T09:53:37.486,175395,0,32.000000,36.000000,1015.000000
2025-05-13T09:53:37.486,175396,0,33.000000,44.000000,1020.000000
2025-05-13T09:53:37.487,175397,0,33.000000,44.000000,1020.000000
2025-05-13T09:53:37.487,175398,0,32.000000,45.000000,1020.000000
2025-05-13T09:53:37.488,175399,0,32.000000,16.000000,982.000000
2025-05-13T09:53:37.488,175400,0,-1.000000,16.000000,982.000000
2025-05-13T09:53:37.488,175401,0,-13.000000,43.000000,981.000000
2025-05-13T09:53:37.489,175402,0,-13.000000,43.000000,1002.000000
2025-05-13T09:53:37.489,175403,0,-3.000000,40.000000,1002.000000
2025-05-13T09:53:37.490,175404,0,42.000000,40.000000,1017.000000
2025-05-13T09:53:37.490,175405,0,42.000000,40.000000,1017.000000
2025-05-13T09:53:37.490,175406,0,-3.000000,37.000000,980.000000
2025-05-13T09:53:37.491,175407,0,-3.000000,62.000000,980.000000
2025-05-13T09:53:37.491,175408,0,-15.000000,62.000000,980.000000
2025-05-13T09:53:37.492,175409,0,-1.000000,42.000000,1010.000000
2025-05-13T09:53:37.492,175410,0,-1.000000,42.000000,1028.000000
2025-05-13T09:53:37.492,175411,0,32.000000,19.000000,1028.000000
2025-05-13T09:53:37.493,175412,0,32.000000,45.000000,1018.000000
2025-05-13T09:53:37.493,175413,0,-5.000000,45.000000,1018.000000
2025-05-13T09:53:37.494,175414,0,-6.000000,23.000000,1021.000000
2025-05-13T09:53:37.494,175415,0,-6.000000,23.000000,1027.000000
2025-05-13T09:53:37.494,175416,0,0.000000,17.000000,1027.000000
2025-05-13T09:53:37.495,175417,0,16.000000,43.000000,1026.000000
2025-05-13T09:53:37.495,175418,0,16.000000,43.000000,1026.000000
2025-05-13T09:53:37.495,175419,0,34.000000,18.000000,998.000000
2025-05-13T09:53:37.496,175420,0,34.000000,20.000000,981.000000
2025-05-13T09:53:37.496,175421,0,-13.000000,20.000000,981.000000
2025-05-13T09:53:37.497,175422,0,0.000000,18.000000,1009.000000
2025-05-13T09:53:37.497,175423,0,0.000000,18.000000,1016.000000
2025-05-13T09:53:37.497,175424,0,40.000000,17.000000,1016.000000
2025-05-13T09:53:37.498,175425,0,40.000000,15.000000,1016.000000
2025-05-13T09:53:37.498,175426,0,36.000000,15.000000,1016.000000
2025-05-13T09:53:37.499,175427,0,-2.000000,44.000000,980.000000
2025-05-13T09:53:37.499,175428,0,-2.000000,44.000000,1009.000000
2025-05-13T09:53:37.499,175429,0,31.000000,15.000000,1009.000000
2025-05-13T09:53:37.500,175430,0,-1.000000,42.000000,1017.000000
2025-05-13T09:53:37.500,175431,0,-1.000000,42.000000,1017.000000
2025-05-13T09:53:37.500,175432,0,32.000000,26.000000,975.000000
2025-05-13T09:53:37.501,175433,0,32.000000,16.000000,1020.000000
2025-05-13T09:53:37.501,175434,0,-10.000000,16.000000,1020.000000
2025-05-13T09:53:37.502,175435,0,-6.000000,41.000000,1010.000000
2025-05-13T09:53:37.502,175436,0,-6.000000,41.000000,1018.000000
2025-05-13T09:53:37.502,175437,0,38.000000,37.000000,1018.000000
2025-05-13T09:53:37.503,175438,0,38.000000,20.000000,996.000000
2025-05-13T09:53:37.503,175439,0,-6.000000,20.000000,996.000000
2025-05-13T09:53:37.504,175440,0,-7.000000,42.000000,981.000000
2025-05-13T09:53:37.504,175441,0,-7.000000,42.000000,1026.000000
2025-05-13T09:53:37.504,175442,0,-3.000000,43.000000,1026.000000
2025-05-13T09:53:37.505,175443,0,34.000000,20.000000,1022.000000
2025-05-13T09:53:37.505,175444,0,34.000000,20.000000,1022.000000
2025-05-13T09:53:37.506,175445,0,-2.000000,44.000000,976.000000
2025-05-13T09:53:37.506,175446,0,-2.000000,44.000000,981.000000
2025-05-13T09:53:37.506,175447,0,12.000000,45.000000,981.000000
2025-05-13T09:53:37.507,175448,0,-10.000000,42.000000,1003.000000
2025-05-13T09:53:37.507,175449,0,-10.000000,42.000000,1003.000000
2025-05-13T09:53:37.508,175450,0,37.000000,21.000000,1024.000000
2025-05-13T09:53:37.508,175451,0,37.000000,22.000000,972.000000
2025-05-13T09:53:37.508,175452,0,-1.000000,22.000000,972.000000
2025-05-13T09:53:37.509,175453,0,13.000000,21.000000,1027.000000
2025-05-13T09:53:37.509,175454,0,13.000000,21.000000,1029.000000
2025-05-13T09:53:37.509,175455,0,32.000000,19.000000,1029.000000
2025-05-13T09:53:37.510,175456,0,32.000000,18.000000,1027.000000
2025-05-13T09:53:37.510,175457,0,36.000000,18.000000,1027.000000
2025-05-13T09:53:37.511,175458,0,-2.000000,18.000000,981.000000
2025-05-13T09:53:37.511,175459,0,-2.000000,18.000000,1021.000000
2025-05-13T09:53:37.511,175460,0,-3.000000,45.000000,1021.000000
2025-05-13T09:53:37.512,175461,0,33.000000,42.000000,1006.000000
2025-05-13T09:53:37.512,175462,0,33.000000,42.000000,1006.000000
2025-05-13T09:53:37.513,175463,0,43.000000,17.000000,1024.000000
2025-05-13T09:53:37.513,175464,0,43.000000,28.000000,1015.000000
2025-05-13T09:53:37.513,175465,0,-4.000000,28.000000,1015.000000
2025-05-13T09:53:37.514,175466,0,-13.000000,22.000000,1023.000000
2025-05-13T09:53:37.514,175467,0,-13.000000,22.000000,1004.000000
2025-05-13T09:53:37.515,175468,0,32.000000,45.000000,1004.000000
2025-05-13T09:53:37.515,175469,0,32.000000,17.000000,978.000000
2025-05-13T09:53:37.515,175470,0,44.000000,17.000000,978.000000
2025-05-13T09:53:37.516,175471,0,-12.000000,28.000000,972.000000
2025-05-13T09:53:37.516,175472,0,-12.000000,28.000000,1018.000000
2025-05-13T09:53:37.517,175473,0,-3.000000,21.000000,1018.000000
2025-05-13T09:53:37.517,175474,0,-1.000000,17.000000,1026.000000
2025-05-13T09:53:37.517,175475,0,-1.000000,17.000000,1026.000000
2025-05-13T09:53:37.518,175476,0,37.000000,18.000000,1018.000000
2025-05-13T09:53:37.518,175477,0,37.000000,44.000000,976.000000
2025-05-13T09:53:37.518,175478,0,-4.000000,44.000000,976.000000
2025-05-13T09:53:37.519,175479,0,-12.000000,19.000000,1006.000000
2025-05-13T09:53:37.519,175480,0,-12.000000,19.000000,1026.000000
2025-05-13T09:53:37.520,175481,0,38.000000,40.000000,1026.000000
2025-05-13T09:53:37.520,175482,0,38.000000,43.000000,974.000000
2025-05-13T09:53:37.520,175483,0,-6.000000,43.000000,974.000000
2025-05-13T09:53:37.521,175484,0,-7.000000,20.000000,981.000000
2025-05-13T09:53:37.521,175485,0,-7.000000,20.000000,1005.000000
2025-05-13T09:53:37.522,175486,0,-15.000000,21.000000,1005.000000
2025-05-13T09:53:37.522,175487,0,43.000000,44.000000,1020.000000
2025-05-13T09:53:37.522,175488,0,43.000000,44.000000,1020.000000
2025-05-13T09:53:37.523,175489,0,-3.000000,42.000000,980.000000
2025-05-13T09:53:37.523,175490,0,-3.000000,25.000000,1019.000000
2025-05-13T09:53:37.524,175491,0,-8.000000,25.000000,1019.000000
2025-05-13T09:53:37.524,175492,0,-2.000000,19.000000,1026.000000
2025-05-13T09:53:37.524,175493,0,-2.000000,19.000000,1024.000000
2025-05-13T09:53:37.525,175494,0,31.000000,45.000000,1024.000000
2025-05-13T09:53:37.525,175495,0,31.000000,16.000000,969.000000
2025-05-13T09:53:37.526,175496,0,31.000000,16.000000,969.000000
2025-05-13T09:53:37.526,175497,0,11.000000,68.000000,1018.000000
2025-05-13T09:53:37.526,175498,0,11.000000,68.000000,1005.000000
2025-05-13T09:53:37.527,175499,0,35.000000,21.000000,1005.000000
2025-05-13T09:53:37.527,175500,0,34.000000,39.000000,982.000000
2025-05-13T09:53:37.527,175501,0,34.000000,39.000000,982.000000
2025-05-13T09:53:37.528,175502,0,33.000000,24.000000,969.000000
2025-05-13T09:53:37.528,175503,0,33.000000,21.000000,1018.000000
2025-05-13T09:53:37.529,175504,0,-5.000000,21.000000,1018.000000
2025-05-13T09:53:37.529,175505,0,-12.000000,20.000000,1026.000000
2025-05-13T09:53:37.529,175506,0,-12.000000,20.000000,1020.000000
2025-05-13T09:53:37.530,175507,0,37.000000,45.000000,1020.000000
2025-05-13T09:53:37.530,175508,0,37.000000,21.000000,982.000000
2025-05-13T09:53:37.531,175509,0,-9.000000,21.000000,982.000000
2025-05-13T09:53:37.531,175510,0,-2.000000,28.000000,1021.000000
2025-05-13T09:53:37.531,175511,0,-2.000000,28.000000,1009.000000
2025-05-13T09:53:37.532,175512,0,14.000000,17.000000,1009.000000
2025-05-13T09:53:37.532,175513,0,39.000000,17.000000,1015.000000
2025-05-13T09:53:37.532,175514,0,39.000000,17.000000,1015.000000
2025-05-13T09:53:37.533,175515,0,0.000000,19.000000,990.000000
2025-05-13T09:53:37.533,175516,0,0.000000,24.000000,1020.000000
2025-05-13T09:53:37.534,175517,0,-14.000000,24.000000,1020.000000
2025-05-13T09:53:37.534,175518,0,-5.000000,45.000000,1003.000000
2025-05-13T09:53:37.534,175519,0,-5.000000,45.000000,1017.000000
2025-05-13T09:53:37.535,175520,0,-1.000000,42.000000,1017.000000
2025-05-13T09:53:37.535,175521,0,-1.000000,19.000000,979.000000
2025-05-13T09:53:37.536,175522,0,30.000000,19.000000,979.000000
2025-05-13T09:53:37.536,175523,0,-13.000000,20.000000,1028.000000
2025-05-13T09:53:37.536,175524,0,-13.000000,20.000000,1003.000000
2025-05-13T09:53:37.537,175525,0,-3.000000,28.000000,1003.000000
2025-05-13T09:53:37.537,175526,0,-1.000000,39.000000,1016.000000
2025-05-13T09:53:37.538,175527,0,-1.000000,39.000000,1016.000000
2025-05-13T09:53:37.538,175528,0,40.000000,15.000000,980.000000
2025-05-13T09:53:37.538,175529,0,40.000000,16.000000,1000.000000
2025-05-13T09:53:37.539,175530,0,-7.000000,16.000000,1000.000000
2025-05-13T09:53:37.539,175531,0,-7.000000,43.000000,1005.000000
2025-05-13T09:53:37.539,175532,0,-7.000000,43.000000,1005.000000
2025-05-13T09:53:37.540,175533,0,34.000000,17.000000,1020.000000
2025-05-13T09:53:37.540,175534,0,34.000000,21.000000,993.000000
2025-05-13T09:53:37.541,175535,0,33.000000,21.000000,993.000000
2025-05-13T09:53:37.541,175536,0,31.000000,43.000000,1028.000000
2025-05-13T09:53:37.541,175537,0,31.000000,43.000000,1027.000000
2025-05-13T09:53:37.542,175538,0,-9.000000,41.000000,1027.000000
2025-05-13T09:53:37.542,175539,0,21.000000,16.000000,1014.000000
2025-05-13T09:53:37.543,175540,0,31.000000,16.000000,1014.000000
2025-05-13T09:53:37.543,175541,0,-4.000000,19.000000,1015.000000
2025-05-13T09:53:37.543,175542,0,-4.000000,19.000000,1027.000000
2025-05-13T09:53:37.544,175543,0,-10.000000,20.000000,1027.000000
2025-05-13T09:53:37.544,175544,0,33.000000,45.000000,1004.000000
2025-05-13T09:53:37.545,175545,0,33.000000,45.000000,1004.000000
2025-05-13T09:53:37.545,175546,0,35.000000,38.000000,1018.000000
2025-05-13T09:53:37.545,175547,0,35.000000,19.000000,973.000000
2025-05-13T09:53:37.546,175548,0,39.000000,19.000000,973.000000
2025-05-13T09:53:37.546,175549,0,12.000000,22.000000,1004.000000
2025-05-13T09:53:37.547,175550,0,12.000000,22.000000,1000.000000
2025-05-13T09:53:37.547,175551,0,30.000000,17.000000,1000.000000
2025-05-13T09:53:37.547,175552,0,30.000000,45.000000,976.000000
2025-05-13T09:53:37.548,175553,0,32.000000,45.000000,976.000000
2025-05-13T09:53:37.548,175554,0,0.000000,16.000000,1019.000000
2025-05-13T09:53:37.549,175555,0,0.000000,16.000000,1024.000000
2025-05-13T09:53:37.549,175556,0,-5.000000,41.000000,1024.000000
2025-05-13T09:53:37.549,175557,0,-6.000000,18.000000,1028.000000
2025-05-13T09:53:37.550,175558,0,-6.000000,18.000000,997.000000
2025-05-13T09:53:37.550,175559,0,45.000000,45.000000,976.000000
2025-05-13T09:53:37.550,175560,0,45.000000,62.000000,973.000000
2025-05-13T09:53:37.551,175561,0,-11.000000,62.000000,973.000000
2025-05-13T09:53:37.551,175562,0,-8.000000,18.000000,1021.000000
2025-05-13T09:53:37.552,175563,0,-8.000000,18.000000,1026.000000
2025-05-13T09:53:37.552,175564,0,0.000000,15.000000,1026.000000
2025-05-13T09:53:37.552,175565,0,30.000000,45.000000,977.000000
2025-05-13T09:53:37.553,175566,0,42.000000,45.000000,977.000000
2025-05-13T09:53:37.553,175567,0,-8.000000,24.000000,978.000000
2025-05-13T09:53:37.554,175568,0,-8.000000,24.000000,1020.000000
2025-05-13T09:53:37.554,175569,0,-4.000000,20.000000,1020.000000
2025-05-13T09:53:37.554,175570,0,-3.000000,39.000000,1026.000000
2025-05-13T09:53:37.555,175571,0,-3.000000,39.000000,1026.000000
2025-05-13T09:53:37.555,175572,0,38.000000,45.000000,998.000000
2025-05-13T09:53:37.556,175573,0,38.000000,18.000000,978.000000
2025-05-13T09:53:37.556,175574,0,-3.000000,18.000000,978.000000
2025-05-13T09:53:37.556,175575,0,-4.000000,42.000000,1003.000000
2025-05-13T09:53:37.557,175576,0,-4.000000,42.000000,1027.000000
2025-05-13T09:53:37.557,175577,0,43.000000,34.000000,1027.000000
2025-05-13T09:53:37.557,175578,0,43.000000,16.000000,1013.000000
2025-05-13T09:53:37.558,175579,0,44.000000,16.000000,1013.000000
2025-05-13T09:53:37.558,175580,0,-9.000000,27.000000,972.000000
2025-05-13T09:53:37.559,175581,0,-9.000000,27.000000,1004.000000
2025-05-13T09:53:37.559,175582,0,32.000000,21.000000,1004.000000
2025-05-13T09:53:37.559,175583,0,35.000000,44.000000,1019.000000
2025-05-13T09:53:37.560,175584,0,35.000000,44.000000,1019.000000
2025-05-13T09:53:37.560,175585,0,33.000000,43.000000,979.000000
2025-05-13T09:53:37.561,175586,0,33.000000,16.000000,982.000000
2025-05-13T09:53:37.561,175587,0,-5.000000,16.000000,982.000000
2025-05-13T09:53:37.561,175588,0,-8.000000,16.000000,1003.000000
2025-05-13T09:53:37.564,175589,0,-8.000000,16.000000,1028.000000
2025-05-13T09:53:37.566,175590,0,41.000000,41.000000,1028.000000
2025-05-13T09:53:37.568,175591,0,41.000000,43.000000,1015.000000
2025-05-13T09:53:37.569,175592,0,37.000000,43.000000,1015.000000
2025-05-13T09:53:37.572,175593,0,-4.000000,29.000000,969.000000
2025-05-13T09:53:37.572,175594,0,-4.000000,29.000000,1019.000000
2025-05-13T09:53:37.576,175595,0,-5.000000,17.000000,1019.000000
2025-05-13T09:53:37.577,175596,0,0.000000,38.000000,1023.000000
2025-05-13T09:53:37.581,175597,0,0.000000,38.000000,1023.000000
2025-05-13T09:53:37.582,175598,0,-5.000000,33.000000,1018.000000
2025-05-13T09:53:37.583,175599,0,-5.000000,15.000000,1017.000000
2025-05-13T09:53:37.584,175600,0,-6.000000,15.000000,1017.000000
2025-05-13T09:53:37.584,175601,0,34.000000,43.000000,1022.000000
2025-05-13T09:53:37.584,175602,0,34.000000,43.000000,999.000000
2025-05-13T09:53:37.584,175603,0,42.000000,34.000000,999.000000
2025-05-13T09:53:37.585,175604,0,42.000000,42.000000,995.000000
2025-05-13T09:53:37.586,175605,0,17.000000,42.000000,995.000000
2025-05-13T09:53:37.586,175606,0,31.000000,19.000000,1014.000000
2025-05-13T09:53:37.586,175607,0,31.000000,19.000000,1028.000000
2025-05-13T09:53:37.587,175608,0,-3.000000,18.000000,1028.000000
2025-05-13T09:53:37.588,175609,0,36.000000,0.000000,1026.000000
2025-05-13T09:53:37.588,175610,0,36.000000,0.000000,1026.000000
2025-05-13T09:53:37.588,175611,0,31.000000,37.000000,1016.000000
2025-05-13T09:53:37.588,175612,0,31.000000,19.000000,1018.000000
2025-05-13T09:53:37.588,175613,0,-6.000000,19.000000,1018.000000
2025-05-13T09:53:37.588,175614,0,0.000000,45.000000,1028.000000
2025-05-13T09:53:37.588,175615,0,0.000000,45.000000,1001.000000
2025-05-13T09:53:37.588,175616,0,36.000000,44.000000,1001.000000
2025-05-13T09:53:37.588,175617,0,36.000000,16.000000,976.000000
2025-05-13T09:53:37.590,175618,0,36.000000,16.000000,976.000000
2025-05-13T09:53:37.591,175619,0,-6.000000,27.000000,1017.000000
2025-05-13T09:53:37.591,175620,0,-6.000000,27.000000,1024.000000
2025-05-13T09:53:37.591,175621,0,-12.000000,43.000000,1024.000000
2025-05-13T09:53:37.591,175622,0,42.000000,34.000000,1001.000000
2025-05-13T09:53:37.591,175623,0,42.000000,34.000000,1001.000000
2025-05-13T09:53:37.591,175624,0,37.000000,45.000000,976.000000
2025-05-13T09:53:37.591,175625,0,37.000000,44.000000,1024.000000
2025-05-13T09:53:37.591,175626,0,-8.000000,44.000000,1024.000000
2025-05-13T09:53:37.591,175627,0,31.000000,17.000000,1025.000000
2025-05-13T09:53:37.591,175628,0,31.000000,17.000000,1020.000000
2025-05-13T09:53:37.591,175629,0,32.000000,41.000000,1020.000000
2025-05-13T09:53:37.591,175630,0,32.000000,41.000000,996.000000
2025-05-13T09:53:37.592,175631,0,34.000000,41.000000,996.000000
2025-05-13T09:53:37.592,175632,0,8.000000,27.000000,981.000000
2025-05-13T09:53:37.592,175633,0,8.000000,27.000000,1022.000000
2025-05-13T09:53:37.592,175634,0,-5.000000,23.000000,1022.000000
2025-05-13T09:53:37.592,175635,0,43.000000,35.000000,999.000000
2025-05-13T09:53:37.592,175636,0,43.000000,35.000000,999.000000
2025-05-13T09:53:37.592,175637,0,0.000000,16.000000,979.000000
2025-05-13T09:53:37.592,175638,0,0.000000,17.000000,1020.000000
2025-05-13T09:53:37.592,175639,0,-9.000000,17.000000,1020.000000
2025-05-13T09:53:37.592,175640,0,-14.000000,17.000000,1027.000000
2025-05-13T09:53:37.593,175641,0,-14.000000,17.000000,974.000000
2025-05-13T09:53:37.593,175642,0,-14.000000,32.000000,974.000000
2025-05-13T09:53:37.594,175643,0,-14.000000,40.000000,973.000000
2025-05-13T09:53:37.594,175644,0,37.000000,40.000000,973.000000
2025-05-13T09:53:37.594,175645,0,-14.000000,19.000000,1016.000000
2025-05-13T09:53:37.594,175646,0,-14.000000,19.000000,1006.000000
2025-05-13T09:53:37.594,175647,0,31.000000,42.000000,1006.000000
2025-05-13T09:53:37.594,175648,0,-4.000000,40.000000,981.000000
2025-05-13T09:53:37.594,175649,0,-4.000000,40.000000,981.000000
2025-05-13T09:53:37.594,175650,0,-8.000000,24.000000,986.000000
2025-05-13T09:53:37.594,175651,0,-8.000000,41.000000,980.000000
2025-05-13T09:53:37.594,175652,0,13.000000,41.000000,980.000000
2025-05-13T09:53:37.594,175653,0,-3.000000,45.000000,1019.000000
2025-05-13T09:53:37.594,175654,0,-3.000000,45.000000,982.000000
2025-05-13T09:53:37.594,175655,0,37.000000,18.000000,982.000000
2025-05-13T09:53:37.594,175656,0,37.000000,19.000000,1019.000000
2025-05-13T09:53:37.594,175657,0,37.000000,19.000000,1019.000000
2025-05-13T09:53:37.594,175658,0,-6.000000,26.000000,1017.000000
2025-05-13T09:53:37.595,175659,0,-6.000000,26.000000,1046.000000
2025-05-13T09:53:37.595,175660,0,33.000000,15.000000,1046.000000
2025-05-13T09:53:37.595,175661,0,36.000000,17.000000,1018.000000
2025-05-13T09:53:37.595,175662,0,36.000000,17.000000,1018.000000
2025-05-13T09:53:37.595,175663,0,42.000000,43.000000,978.000000
2025-05-13T09:53:37.595,175664,0,42.000000,22.000000,1017.000000
2025-05-13T09:53:37.595,175665,0,-4.000000,22.000000,1017.000000
2025-05-13T09:53:37.595,175666,0,-3.000000,20.000000,1000.000000
2025-05-13T09:53:37.595,175667,0,-3.000000,20.000000,1017.000000
2025-05-13T09:53:37.602,175668,0,0.000000,15.000000,1017.000000
2025-05-13T09:53:37.602,175669,0,0.000000,20.000000,1023.000000
2025-05-13T09:53:37.602,175670,0,-2.000000,20.000000,1023.000000
2025-05-13T09:53:37.602,175671,0,-13.000000,18.000000,1018.000000
2025-05-13T09:53:37.602,175672,0,-13.000000,18.000000,1049.000000
2025-05-13T09:53:37.602,175673,0,-1.000000,43.000000,1049.000000
2025-05-13T09:53:37.603,175674,0,31.000000,40.000000,1020.000000
2025-05-13T09:53:37.603,175675,0,31.000000,40.000000,1020.000000
2025-05-13T09:53:37.603,175676,0,-1.000000,21.000000,974.000000
2025-05-13T09:53:37.603,175677,0,-1.000000,29.000000,1019.000000
2025-05-13T09:53:37.603,175678,0,-14.000000,29.000000,1019.000000
2025-05-13T09:53:37.603,175679,0,-9.000000,19.000000,1005.000000
2025-05-13T09:53:37.604,175680,0,-9.000000,19.000000,1023.000000
2025-05-13T09:53:37.604,175681,0,0.000000,39.000000,1023.000000
2025-05-13T09:53:37.604,175682,0,0.000000,15.000000,1013.000000
2025-05-13T09:53:37.604,175683,0,-10.000000,15.000000,1013.000000
2025-05-13T09:53:37.604,175684,0,-10.000000,18.000000,1001.000000
2025-05-13T09:53:37.604,175685,0,-10.000000,18.000000,1049.000000
2025-05-13T09:53:37.604,175686,0,-12.000000,16.000000,1049.000000
2025-05-13T09:53:37.604,175687,0,39.000000,43.000000,1027.000000
2025-05-13T09:53:37.604,175688,0,39.000000,43.000000,1027.000000
2025-05-13T09:53:37.604,175689,0,-10.000000,15.000000,976.000000
2025-05-13T09:53:37.604,175690,0,-10.000000,21.000000,1017.000000
2025-05-13T09:53:37.604,175691,0,8.000000,21.000000,1017.000000
2025-05-13T09:53:37.604,175692,0,-11.000000,41.000000,1007.000000
2025-05-13T09:53:37.604,175693,0,-11.000000,41.000000,1027.000000
2025-05-13T09:53:37.604,175694,0,-3.000000,16.000000,1027.000000
2025-05-13T09:53:37.604,175695,0,-3.000000,44.000000,1022.000000
2025-05-13T09:53:37.604,175696,0,-2.000000,44.000000,1022.000000
2025-05-13T09:53:37.604,175697,0,-7.000000,45.000000,1025.000000
2025-05-13T09:53:37.604,175698,0,-7.000000,45.000000,1006.000000
2025-05-13T09:53:37.605,175699,0,-2.000000,17.000000,1006.000000
2025-05-13T09:53:37.605,175700,0,19.000000,42.000000,1008.000000
2025-05-13T09:53:37.605,175701,0,19.000000,42.000000,1008.000000
2025-05-13T09:53:37.606,175702,0,32.000000,19.000000,1013.000000
2025-05-13T09:53:37.606,175703,0,32.000000,42.000000,1028.000000
2025-05-13T09:53:37.607,175704,0,-9.000000,42.000000,1028.000000
2025-05-13T09:53:37.607,175705,0,0.000000,17.000000,1007.000000
2025-05-13T09:53:37.607,175706,0,0.000000,17.000000,1020.000000
2025-05-13T09:53:37.608,175707,0,41.000000,38.000000,1020.000000
2025-05-13T09:53:37.608,175708,0,41.000000,44.000000,1021.000000
2025-05-13T09:53:37.609,175709,0,41.000000,44.000000,1021.000000
2025-05-13T09:53:37.609,175710,0,-5.000000,43.000000,1014.000000
2025-05-13T09:53:37.609,175711,0,-5.000000,43.000000,1005.000000
2025-05-13T09:53:37.610,175712,0,-6.000000,42.000000,1005.000000
2025-05-13T09:53:37.610,175713,0,0.000000,42.000000,1023.000000
2025-05-13T09:53:37.611,175714,0,0.000000,42.000000,1023.000000
2025-05-13T09:53:37.611,175715,0,-1.000000,25.000000,970.000000
2025-05-13T09:53:37.611,175716,0,-1.000000,23.000000,1021.000000
2025-05-13T09:53:37.612,175717,0,15.000000,23.000000,1021.000000
2025-05-13T09:53:37.612,175718,0,-6.000000,16.000000,1007.000000
2025-05-13T09:53:37.612,175719,0,-6.000000,16.000000,1014.000000
2025-05-13T09:53:37.613,175720,0,39.000000,16.000000,1014.000000
2025-05-13T09:53:37.613,175721,0,39.000000,18.000000,971.000000
2025-05-13T09:53:37.614,175722,0,-5.000000,18.000000,971.000000
2025-05-13T09:53:37.614,175723,0,-3.000000,41.000000,1020.000000
2025-05-13T09:53:37.614,175724,0,-3.000000,41.000000,1024.000000
2025-05-13T09:53:37.615,175725,0,-3.000000,16.000000,1024.000000
2025-05-13T09:53:37.615,175726,0,35.000000,19.000000,1023.000000
2025-05-13T09:53:37.616,175727,0,35.000000,19.000000,1023.000000
2025-05-13T09:53:37.616,175728,0,-6.000000,39.000000,972.000000
2025-05-13T09:53:37.616,175729,0,-6.000000,39.000000,1015.000000
2025-05-13T09:53:37.617,175730,0,6.000000,16.000000,1015.000000
2025-05-13T09:53:37.617,175731,0,-8.000000,35.000000,1008.000000
2025-05-13T09:53:37.618,175732,0,-8.000000,35.000000,1008.000000
2025-05-13T09:53:37.618,175733,0,37.000000,20.000000,1018.000000
2025-05-13T09:53:37.618,175734,0,37.000000,20.000000,968.000000
2025-05-13T09:53:37.619,175735,0,-4.000000,20.000000,968.000000
2025-05-13T09:53:37.619,175736,0,7.000000,23.000000,1025.000000
2025-05-13T09:53:37.619,175737,0,7.000000,23.000000,980.000000
2025-05-13T09:53:37.620,175738,0,-8.000000,42.000000,980.000000
2025-05-13T09:53:37.620,175739,0,21.000000,42.000000,981.000000
2025-05-13T09:53:37.621,175740,0,32.000000,42.000000,981.000000
2025-05-13T09:53:37.621,175741,0,36.000000,44.000000,976.000000
2025-05-13T09:53:37.621,175742,0,36.000000,44.000000,1017.000000
2025-05-13T09:53:37.622,175743,0,-6.000000,22.000000,1017.000000
2025-05-13T09:53:37.622,175744,0,31.000000,41.000000,1004.000000
2025-05-13T09:53:37.623,175745,0,31.000000,41.000000,1004.000000
2025-05-13T09:53:37.623,175746,0,44.000000,18.000000,1014.000000
2025-05-13T09:53:37.623,175747,0,44.000000,43.000000,973.000000
2025-05-13T09:53:37.624,175748,0,33.000000,43.000000,973.000000
2025-05-13T09:53:37.624,175749,0,15.000000,19.000000,1027.000000
2025-05-13T09:53:37.625,175750,0,15.000000,19.000000,1000.000000
2025-05-13T09:53:37.625,175751,0,34.000000,21.000000,1000.000000
2025-05-13T09:53:37.625,175752,0,4.000000,17.000000,1020.000000
2025-05-13T09:53:37.626,175753,0,-5.000000,17.000000,1020.000000
2025-05-13T09:53:37.626,175754,0,-3.000000,24.000000,1018.000000
2025-05-13T09:53:37.626,175755,0,-3.000000,24.000000,1018.000000
2025-05-13T09:53:37.627,175756,0,-14.000000,42.000000,1018.000000
2025-05-13T09:53:37.627,175757,0,-2.000000,18.000000,1000.000000
2025-05-13T09:53:37.628,175758,0,-2.000000,18.000000,969.000000
2025-05-13T09:53:37.628,175759,0,38.000000,38.000000,980.000000
2025-05-13T09:53:37.628,175760,0,38.000000,24.000000,969.000000
2025-05-13T09:53:37.629,175761,0,-5.000000,24.000000,969.000000
2025-05-13T09:53:37.629,175762,0,11.000000,20.000000,1021.000000
2025-05-13T09:53:37.630,175763,0,11.000000,20.000000,1008.000000
2025-05-13T09:53:37.630,175764,0,34.000000,41.000000,1008.000000
2025-05-13T09:53:37.630,175765,0,34.000000,18.000000,976.000000
2025-05-13T09:53:37.631,175766,0,33.000000,18.000000,976.000000
2025-05-13T09:53:37.631,175767,0,-3.000000,21.000000,1022.000000
2025-05-13T09:53:37.632,175768,0,-3.000000,21.000000,1014.000000
2025-05-13T09:53:37.632,175769,0,-4.000000,15.000000,1014.000000
2025-05-13T09:53:37.632,175770,0,-6.000000,41.000000,1027.000000
2025-05-13T09:53:37.633,175771,0,-6.000000,41.000000,1027.000000
2025-05-13T09:53:37.633,175772,0,41.000000,39.000000,1017.000000
2025-05-13T09:53:37.634,175773,0,41.000000,21.000000,968.000000
2025-05-13T09:53:37.634,175774,0,-9.000000,21.000000,968.000000
2025-05-13T09:53:37.634,175775,0,-9.000000,42.000000,1024.000000
2025-05-13T09:53:37.635,175776,0,-9.000000,42.000000,1002.000000
2025-05-13T09:53:37.635,175777,0,-12.000000,33.000000,1002.000000
2025-05-13T09:53:37.635,175778,0,-12.000000,42.000000,997.000000
2025-05-13T09:53:37.636,175779,0,43.000000,42.000000,997.000000
2025-05-13T09:53:37.636,175780,0,-15.000000,21.000000,1014.000000
2025-05-13T09:53:37.637,175781,0,-15.000000,21.000000,1022.000000
2025-05-13T09:53:37.637,175782,0,-5.000000,42.000000,1022.000000
2025-05-13T09:53:37.637,175783,0,-2.000000,42.000000,1023.000000
2025-05-13T09:53:37.638,175784,0,-2.000000,42.000000,1023.000000
2025-05-13T09:53:37.638,175785,0,32.000000,18.000000,975.000000
2025-05-13T09:53:37.639,175786,0,32.000000,22.000000,1023.000000
2025-05-13T09:53:37.639,175787,0,34.000000,22.000000,1023.000000
2025-05-13T09:53:37.639,175788,0,-13.000000,20.000000,1001.000000
2025-05-13T09:53:37.640,175789,0,-13.000000,20.000000,1027.000000
2025-05-13T09:53:37.640,175790,0,38.000000,38.000000,1027.000000
2025-05-13T09:53:37.641,175791,0,38.000000,16.000000,992.000000
2025-05-13T09:53:37.641,175792,0,-5.000000,16.000000,992.000000
2025-05-13T09:53:37.641,175793,0,33.000000,21.000000,977.000000
2025-05-13T09:53:37.642,175794,0,33.000000,21.000000,998.000000
2025-05-13T09:53:37.642,175795,0,-11.000000,44.000000,998.000000
2025-05-13T09:53:37.642,175796,0,43.000000,41.000000,1014.000000
2025-05-13T09:53:37.643,175797,0,43.000000,41.000000,1014.000000
2025-05-13T09:53:37.643,175798,0,-4.000000,44.000000,997.000000
2025-05-13T09:53:37.644,175799,0,-4.000000,16.000000,982.000000
2025-05-13T09:53:37.644,175800,0,-15.000000,16.000000,982.000000
2025-05-13T09:53:37.644,175801,0,-1.000000,43.000000,1020.000000
2025-05-13T09:53:37.645,175802,0,-1.000000,43.000000,1027.000000
2025-05-13T09:53:37.645,175803,0,31.000000,36.000000,1027.000000
2025-05-13T09:53:37.646,175804,0,31.000000,17.000000,969.000000
2025-05-13T09:53:37.646,175805,0,-2.000000,17.000000,969.000000
2025-05-13T09:53:37.646,175806,0,13.000000,44.000000,981.000000
2025-05-13T09:53:37.647,175807,0,13.000000,44.000000,1024.000000
2025-05-13T09:53:37.647,175808,0,-3.000000,43.000000,1024.000000
2025-05-13T09:53:37.648,175809,0,42.000000,40.000000,1023.000000
2025-05-13T09:53:37.648,175810,0,42.000000,40.000000,1023.000000
2025-05-13T09:53:37.648,175811,0,-2.000000,26.000000,972.000000
2025-05-13T09:53:37.649,175812,0,-2.000000,44.000000,976.000000
2025-05-13T09:53:37.649,175813,0,-1.000000,44.000000,976.000000
2025-05-13T09:53:37.649,175814,0,0.000000,19.000000,1019.000000
2025-05-13T09:53:37.650,175815,0,0.000000,19.000000,1023.000000
2025-05-13T09:53:37.650,175816,0,-5.000000,22.000000,1023.000000
2025-05-13T09:53:37.651,175817,0,-5.000000,41.000000,1021.000000
2025-05-13T09:53:37.651,175818,0,-2.000000,41.000000,1021.000000
2025-05-13T09:53:37.651,175819,0,12.000000,19.000000,1016.000000
2025-05-13T09:53:37.652,175820,0,12.000000,19.000000,1044.000000
2025-05-13T09:53:37.652,175821,0,-4.000000,41.000000,1044.000000
2025-05-13T09:53:37.653,175822,0,38.000000,39.000000,1024.000000
2025-05-13T09:53:37.653,175823,0,38.000000,39.000000,1024.000000
2025-05-13T09:53:37.653,175824,0,36.000000,37.000000,973.000000
2025-05-13T09:53:37.654,175825,0,36.000000,21.000000,1016.000000
2025-05-13T09:53:37.654,175826,0,-9.000000,21.000000,1016.000000
2025-05-13T09:53:37.655,175827,0,-1.000000,41.000000,1001.000000
2025-05-13T09:53:37.655,175828,0,-1.000000,41.000000,1000.000000
2025-05-13T09:53:37.655,175829,0,-3.000000,45.000000,1000.000000
2025-05-13T09:53:37.656,175830,0,-3.000000,42.000000,981.000000
2025-05-13T09:53:37.656,175831,0,-8.000000,42.000000,981.000000
2025-05-13T09:53:37.657,175832,0,-4.000000,16.000000,1004.000000
2025-05-13T09:53:37.657,175833,0,-4.000000,16.000000,1001.000000
2025-05-13T09:53:37.657,175834,0,-5.000000,38.000000,1001.000000
2025-05-13T09:53:37.658,175835,0,43.000000,36.000000,1028.000000
2025-05-13T09:53:37.658,175836,0,43.000000,36.000000,1028.000000
2025-05-13T09:53:37.658,175837,0,-5.000000,23.000000,974.000000
2025-05-13T09:53:37.659,175838,0,-5.000000,45.000000,1020.000000
2025-05-13T09:53:37.659,175839,0,-8.000000,45.000000,1020.000000
2025-05-13T09:53:37.660,175840,0,-7.000000,39.000000,1052.000000
2025-05-13T09:53:37.660,175841,0,-7.000000,39.000000,1025.000000
2025-05-13T09:53:37.660,175842,0,37.000000,44.000000,1025.000000
2025-05-13T09:53:37.661,175843,0,37.000000,15.000000,1021.000000
2025-05-13T09:53:37.661,175844,0,0.000000,15.000000,1021.000000
2025-05-13T09:53:37.662,175845,0,-1.000000,16.000000,1001.000000
2025-05-13T09:53:37.662,175846,0,-1.000000,16.000000,1009.000000
2025-05-13T09:53:37.662,175847,0,34.000000,45.000000,1009.000000
2025-05-13T09:53:37.663,175848,0,-1.000000,43.000000,1025.000000
2025-05-13T09:53:37.663,175849,0,-1.000000,43.000000,1025.000000
2025-05-13T09:53:37.664,175850,0,33.000000,25.000000,972.000000
2025-05-13T09:53:37.664,175851,0,33.000000,22.000000,1020.000000
2025-05-13T09:53:37.664,175852,0,-14.000000,22.000000,1020.000000
2025-05-13T09:53:37.665,175853,0,-6.000000,22.000000,1051.000000
2025-05-13T09:53:37.665,175854,0,-6.000000,22.000000,1020.000000
2025-05-13T09:53:37.666,175855,0,40.000000,44.000000,1025.000000
2025-05-13T09:53:37.666,175856,0,40.000000,22.000000,969.000000
2025-05-13T09:53:37.666,175857,0,-7.000000,22.000000,969.000000
2025-05-13T09:53:37.667,175858,0,-8.000000,16.000000,1027.000000
2025-05-13T09:53:37.667,175859,0,-8.000000,16.000000,999.000000
2025-05-13T09:53:37.667,175860,0,-7.000000,44.000000,999.000000
2025-05-13T09:53:37.668,175861,0,23.000000,21.000000,1026.000000
2025-05-13T09:53:37.668,175862,0,36.000000,21.000000,1026.000000
2025-05-13T09:53:37.669,175863,0,32.000000,16.000000,975.000000
2025-05-13T09:53:37.669,175864,0,32.000000,16.000000,1027.000000
2025-05-13T09:53:37.669,175865,0,-7.000000,45.000000,1027.000000
2025-05-13T09:53:37.670,175866,0,31.000000,42.000000,1005.000000
2025-05-13T09:53:37.670,175867,0,31.000000,42.000000,975.000000
2025-05-13T09:53:37.671,175868,0,36.000000,17.000000,971.000000
2025-05-13T09:53:37.671,175869,0,36.000000,19.000000,973.000000
2025-05-13T09:53:37.671,175870,0,34.000000,19.000000,973.000000
2025-05-13T09:53:37.672,175871,0,-15.000000,22.000000,1027.000000
2025-05-13T09:53:37.672,175872,0,-15.000000,22.000000,1005.000000
2025-05-13T09:53:37.673,175873,0,33.000000,41.000000,1005.000000
2025-05-13T09:53:37.673,175874,0,3.000000,45.000000,1026.000000
2025-05-13T09:53:37.673,175875,0,0.000000,45.000000,1026.000000
2025-05-13T09:53:37.674,175876,0,-1.000000,15.000000,1016.000000
2025-05-13T09:53:37.674,175877,0,-1.000000,15.000000,1021.000000
2025-05-13T09:53:37.674,175878,0,-5.000000,20.000000,1021.000000
2025-05-13T09:53:37.675,175879,0,-2.000000,19.000000,1026.000000
2025-05-13T09:53:37.675,175880,0,-2.000000,19.000000,1026.000000
2025-05-13T09:53:37.676,175881,0,34.000000,18.000000,1018.000000
2025-05-13T09:53:37.676,175882,0,34.000000,20.000000,976.000000
2025-05-13T09:53:37.676,175883,0,-6.000000,20.000000,976.000000
2025-05-13T09:53:37.677,175884,0,-11.000000,21.000000,1002.000000
2025-05-13T09:53:37.677,175885,0,-11.000000,21.000000,1020.000000
2025-05-13T09:53:37.678,175886,0,0.000000,20.000000,1020.000000
2025-05-13T09:53:37.678,175887,0,0.000000,21.000000,1014.000000
2025-05-13T09:53:37.678,175888,0,34.000000,21.000000,1014.000000
2025-05-13T09:53:37.679,175889,0,-15.000000,22.000000,974.000000
2025-05-13T09:53:37.679,175890,0,-15.000000,22.000000,1003.000000
2025-05-13T09:53:37.680,175891,0,13.000000,41.000000,1003.000000
2025-05-13T09:53:37.680,175892,0,-4.000000,17.000000,1020.000000
2025-05-13T09:53:37.680,175893,0,-4.000000,17.000000,1020.000000
2025-05-13T09:53:37.681,175894,0,33.000000,20.000000,1014.000000
2025-05-13T09:53:37.681,175895,0,33.000000,26.000000,1021.000000
2025-05-13T09:53:37.682,175896,0,-6.000000,26.000000,1021.000000
2025-05-13T09:53:37.682,175897,0,12.000000,24.000000,1016.000000
2025-05-13T09:53:37.682,175898,0,12.000000,24.000000,1014.000000
2025-05-13T09:53:37.683,175899,0,33.000000,42.000000,1014.000000
2025-05-13T09:53:37.683,175900,0,33.000000,19.000000,991.000000
2025-05-13T09:53:37.683,175901,0,-5.000000,19.000000,991.000000
2025-05-13T09:53:37.684,175902,0,-3.000000,18.000000,975.000000
2025-05-13T09:53:37.684,175903,0,-3.000000,18.000000,1005.000000
2025-05-13T09:53:37.685,175904,0,13.000000,17.000000,1005.000000
2025-05-13T09:53:37.685,175905,0,35.000000,42.000000,1022.000000
2025-05-13T09:53:37.685,175906,0,35.000000,42.000000,1022.000000
2025-05-13T09:53:37.686,175907,0,-2.000000,20.000000,980.000000
2025-05-13T09:53:37.686,175908,0,-2.000000,17.000000,1019.000000
2025-05-13T09:53:37.687,175909,0,-5.000000,17.000000,1019.000000
2025-05-13T09:53:37.687,175910,0,32.000000,44.000000,1020.000000
2025-05-13T09:53:37.687,175911,0,32.000000,44.000000,1027.000000
2025-05-13T09:53:37.688,175912,0,38.000000,18.000000,1027.000000
2025-05-13T09:53:37.688,175913,0,38.000000,45.000000,970.000000
2025-05-13T09:53:37.688,175914,0,-1.000000,45.000000,970.000000
2025-05-13T09:53:37.689,175915,0,-15.000000,16.000000,981.000000
2025-05-13T09:53:37.689,175916,0,-15.000000,16.000000,1026.000000
2025-05-13T09:53:37.690,175917,0,-6.000000,18.000000,1026.000000
2025-05-13T09:53:37.690,175918,0,16.000000,37.000000,999.000000
2025-05-13T09:53:37.690,175919,0,16.000000,37.000000,999.000000
2025-05-13T09:53:37.691,175920,0,35.000000,21.000000,980.000000
2025-05-13T09:53:37.691,175921,0,35.000000,45.000000,1018.000000
2025-05-13T09:53:37.692,175922,0,-6.000000,45.000000,1018.000000
2025-05-13T09:53:37.692,175923,0,-8.000000,41.000000,1018.000000
2025-05-13T09:53:37.692,175924,0,-8.000000,41.000000,1014.000000
2025-05-13T09:53:37.693,175925,0,33.000000,42.000000,1014.000000
2025-05-13T09:53:37.693,175926,0,33.000000,18.000000,1020.000000
2025-05-13T09:53:37.694,175927,0,37.000000,18.000000,1020.000000
2025-05-13T09:53:37.694,175928,0,14.000000,25.000000,979.000000
2025-05-13T09:53:37.694,175929,0,14.000000,25.000000,1004.000000
2025-05-13T09:53:37.695,175930,0,-4.000000,41.000000,1004.000000
2025-05-13T09:53:37.695,175931,0,34.000000,37.000000,980.000000
2025-05-13T09:53:37.696,175932,0,34.000000,37.000000,980.000000
2025-05-13T09:53:37.696,175933,0,38.000000,22.000000,995.000000
2025-05-13T09:53:37.696,175934,0,38.000000,19.000000,1019.000000
2025-05-13T09:53:37.697,175935,0,-12.000000,19.000000,1019.000000
2025-05-13T09:53:37.697,175936,0,-5.000000,21.000000,1003.000000
2025-05-13T09:53:37.698,175937,0,-5.000000,21.000000,1016.000000
2025-05-13T09:53:37.698,175938,0,37.000000,17.000000,1016.000000
2025-05-13T09:53:37.698,175939,0,37.000000,17.000000,982.000000
2025-05-13T09:53:37.699,175940,0,-1.000000,17.000000,982.000000
2025-05-13T09:53:37.699,175941,0,14.000000,22.000000,1014.000000
2025-05-13T09:53:37.699,175942,0,14.000000,22.000000,1012.000000
2025-05-13T09:53:37.700,175943,0,-10.000000,39.000000,1012.000000
2025-05-13T09:53:37.700,175944,0,35.000000,19.000000,1027.000000
2025-05-13T09:53:37.701,175945,0,35.000000,19.000000,1027.000000
2025-05-13T09:53:37.701,175946,0,-4.000000,18.000000,980.000000
2025-05-13T09:53:37.701,175947,0,-4.000000,16.000000,1014.000000
2025-05-13T09:53:37.702,175948,0,12.000000,16.000000,1014.000000
2025-05-13T09:53:37.702,175949,0,-4.000000,34.000000,1029.000000
2025-05-13T09:53:37.703,175950,0,-4.000000,34.000000,1028.000000
2025-05-13T09:53:37.703,175951,0,36.000000,18.000000,1028.000000
2025-05-13T09:53:37.703,175952,0,36.000000,15.000000,977.000000
2025-05-13T09:53:37.704,175953,0,34.000000,15.000000,977.000000
2025-05-13T09:53:37.704,175954,0,30.000000,15.000000,1023.000000
2025-05-13T09:53:37.704,175955,0,30.000000,15.000000,1005.000000
2025-05-13T09:53:37.705,175956,0,-1.000000,44.000000,1005.000000
2025-05-13T09:53:37.705,175957,0,39.000000,35.000000,1023.000000
2025-05-13T09:53:37.706,175958,0,39.000000,35.000000,1023.000000
2025-05-13T09:53:37.706,175959,0,-2.000000,35.000000,974.000000
2025-05-13T09:53:37.706,175960,0,-2.000000,17.000000,1022.000000
2025-05-13T09:53:37.707,175961,0,-14.000000,17.000000,1022.000000
2025-05-13T09:53:37.707,175962,0,-2.000000,18.000000,1008.000000
2025-05-13T09:53:37.708,175963,0,-2.000000,18.000000,1019.000000
2025-05-13T09:53:37.708,175964,0,37.000000,43.000000,1019.000000
2025-05-13T09:53:37.708,175965,0,37.000000,16.000000,1014.000000
2025-05-13T09:53:37.709,175966,0,31.000000,16.000000,1014.000000
2025-05-13T09:53:37.709,175967,0,12.000000,15.000000,1024.000000
2025-05-13T09:53:37.710,175968,0,12.000000,15.000000,1027.000000
2025-05-13T09:53:37.710,175969,0,39.000000,20.000000,1027.000000
2025-05-13T09:53:37.710,175970,0,39.000000,19.000000,1026.000000
2025-05-13T09:53:37.711,175971,0,39.000000,19.000000,1026.000000
2025-05-13T09:53:37.711,175972,0,-9.000000,25.000000,995.000000
2025-05-13T09:53:37.712,175973,0,-9.000000,19.000000,979.000000
2025-05-13T09:53:37.712,175974,0,10.000000,19.000000,979.000000
2025-05-13T09:53:37.712,175975,0,32.000000,18.000000,1013.000000
2025-05-13T09:53:37.713,175976,0,32.000000,18.000000,1019.000000
2025-05-13T09:53:37.713,175977,0,44.000000,16.000000,1019.000000
2025-05-13T09:53:37.713,175978,0,44.000000,43.000000,978.000000
2025-05-13T09:53:37.714,175979,0,-1.000000,43.000000,978.000000
2025-05-13T09:53:37.714,175980,0,32.000000,18.000000,1014.000000
2025-05-13T09:53:37.715,175981,0,32.000000,18.000000,1000.000000
2025-05-13T09:53:37.715,175982,0,-6.000000,41.000000,1000.000000
2025-05-13T09:53:37.715,175983,0,31.000000,43.000000,1020.000000
2025-05-13T09:53:37.716,175984,0,31.000000,43.000000,1020.000000
2025-05-13T09:53:37.716,175985,0,34.000000,21.000000,980.000000
2025-05-13T09:53:37.717,175986,0,34.000000,21.000000,1029.000000
2025-05-13T09:53:37.717,175987,0,10.000000,21.000000,1029.000000
2025-05-13T09:53:37.717,175988,0,-9.000000,37.000000,1046.000000
2025-05-13T09:53:37.718,175989,0,-9.000000,37.000000,1015.000000
2025-05-13T09:53:37.718,175990,0,35.000000,43.000000,1023.000000
2025-05-13T09:53:37.719,175991,0,35.000000,29.000000,977.000000
2025-05-13T09:53:37.719,175992,0,-6.000000,29.000000,977.000000
2025-05-13T09:53:37.719,175993,0,31.000000,41.000000,999.000000
2025-05-13T09:53:37.720,175994,0,31.000000,41.000000,1024.000000
2025-05-13T09:53:37.720,175995,0,-6.000000,41.000000,1024.000000
2025-05-13T09:53:37.720,175996,0,24.000000,18.000000,1022.000000
2025-05-13T09:53:37.721,175997,0,36.000000,18.000000,1022.000000
2025-05-13T09:53:37.721,175998,0,-4.000000,15.000000,980.000000
2025-05-13T09:53:37.722,175999,0,-4.000000,15.000000,1024.000000
2025-05-13T09:53:37.722,176000,0,-5.000000,28.000000,1024.000000
2025-05-13T09:53:37.722,176001,0,0.000000,38.000000,1047.000000
2025-05-13T09:53:37.723,176002,0,0.000000,38.000000,1016.000000
2025-05-13T09:53:37.723,176003,0,18.000000,44.000000,1020.000000
2025-05-13T09:53:37.724,176004,0,18.000000,41.000000,969.000000
2025-05-13T09:53:37.724,176005,0,31.000000,41.000000,969.000000
2025-05-13T09:53:37.724,176006,0,11.000000,18.000000,1025.000000
2025-05-13T09:53:37.725,176007,0,11.000000,18.000000,1025.000000
2025-05-13T09:53:37.725,176008,0,-1.000000,17.000000,1025.000000
2025-05-13T09:53:37.726,176009,0,29.000000,22.000000,1001.000000
2025-05-13T09:53:37.726,176010,0,31.000000,22.000000,1001.000000
2025-05-13T09:53:37.726,176011,0,-4.000000,27.000000,1017.000000
2025-05-13T09:53:37.727,176012,0,-4.000000,27.000000,1025.000000
2025-05-13T09:53:37.727,176013,0,-13.000000,19.000000,1025.000000
2025-05-13T09:53:37.728,176014,0,-1.000000,36.000000,1001.000000
2025-05-13T09:53:37.728,176015,0,-1.000000,36.000000,970.000000
2025-05-13T09:53:37.728,176016,0,16.000000,16.000000,980.000000
2025-05-13T09:53:37.729,176017,0,16.000000,62.000000,977.000000
2025-05-13T09:53:37.729,176018,0,32.000000,62.000000,977.000000
2025-05-13T09:53:37.729,176019,0,12.000000,44.000000,1019.000000
2025-05-13T09:53:37.730,176020,0,12.000000,44.000000,1007.000000
2025-05-13T09:53:37.730,176021,0,0.000000,34.000000,1007.000000
2025-05-13T09:53:37.731,176022,0,30.000000,16.000000,974.000000
2025-05-13T09:53:37.731,176023,0,35.000000,16.000000,974.000000
2025-05-13T09:53:37.731,176024,0,31.000000,22.000000,1019.000000
2025-05-13T09:53:37.732,176025,0,31.000000,22.000000,1016.000000
2025-05-13T09:53:37.732,176026,0,-2.000000,42.000000,1016.000000
2025-05-13T09:53:37.733,176027,0,34.000000,17.000000,1024.000000
2025-05-13T09:53:37.733,176028,0,34.000000,17.000000,993.000000
2025-05-13T09:53:37.733,176029,0,18.000000,38.000000,974.000000
2025-05-13T09:53:37.734,176030,0,18.000000,40.000000,997.000000
2025-05-13T09:53:37.734,176031,0,-4.000000,40.000000,997.000000
2025-05-13T09:53:37.735,176032,0,15.000000,44.000000,1016.000000
2025-05-13T09:53:37.735,176033,0,15.000000,44.000000,1001.000000
2025-05-13T09:53:37.735,176034,0,32.000000,15.000000,1001.000000
2025-05-13T09:53:37.736,176035,0,32.000000,18.000000,976.000000
2025-05-13T09:53:37.736,176036,0,39.000000,18.000000,976.000000
2025-05-13T09:53:37.737,176037,0,-5.000000,16.000000,1015.000000
2025-05-13T09:53:37.737,176038,0,-5.000000,16.000000,1017.000000
2025-05-13T09:53:37.737,176039,0,-6.000000,19.000000,1017.000000
2025-05-13T09:53:37.738,176040,0,-2.000000,17.000000,998.000000
2025-05-13T09:53:37.738,176041,0,-2.000000,17.000000,998.000000
2025-05-13T09:53:37.739,176042,0,43.000000,44.000000,975.000000
2025-05-13T09:53:37.739,176043,0,43.000000,21.000000,979.000000
2025-05-13T09:53:37.739,176044,0,-13.000000,21.000000,979.000000
2025-05-13T09:53:37.740,176045,0,-12.000000,45.000000,1023.000000
2025-05-13T09:53:37.740,176046,0,-12.000000,45.000000,999.000000
2025-05-13T09:53:37.741,176047,0,-6.000000,39.000000,999.000000
2025-05-13T09:53:37.741,176048,0,23.000000,20.000000,974.000000
2025-05-13T09:53:37.741,176049,0,39.000000,20.000000,974.000000
2025-05-13T09:53:37.742,176050,0,-6.000000,20.000000,977.000000
2025-05-13T09:53:37.742,176051,0,-6.000000,20.000000,978.000000
2025-05-13T09:53:37.743,176052,0,-5.000000,20.000000,978.000000
2025-05-13T09:53:37.743,176053,0,0.000000,39.000000,1018.000000
2025-05-13T09:53:37.743,176054,0,0.000000,39.000000,1018.000000
2025-05-13T09:53:37.744,176055,0,40.000000,18.000000,1014.000000
2025-05-13T09:53:37.744,176056,0,40.000000,21.000000,998.000000
2025-05-13T09:53:37.745,176057,0,-4.000000,21.000000,998.000000
2025-05-13T09:53:37.745,176058,0,-12.000000,40.000000,1005.000000
2025-05-13T09:53:37.745,176059,0,-12.000000,40.000000,999.000000
2025-05-13T09:53:37.747,176060,0,32.000000,35.000000,999.000000
2025-05-13T09:53:37.747,176061,0,32.000000,45.000000,982.000000
2025-05-13T09:53:37.747,176062,0,30.000000,45.000000,982.000000
2025-05-13T09:53:37.747,176063,0,-15.000000,22.000000,974.000000
2025-05-13T09:53:37.747,176064,0,-15.000000,22.000000,999.000000
2025-05-13T09:53:37.747,176065,0,-2.000000,19.000000,999.000000
2025-05-13T09:53:37.748,176066,0,33.000000,42.000000,980.000000
2025-05-13T09:53:37.748,176067,0,33.000000,42.000000,980.000000
2025-05-13T09:53:37.749,176068,0,0.000000,25.000000,1013.000000
2025-05-13T09:53:37.749,176069,0,0.000000,41.000000,982.000000
2025-05-13T09:53:37.749,176070,0,33.000000,41.000000,982.000000
2025-05-13T09:53:37.750,176071,0,-10.000000,19.000000,1003.000000
2025-05-13T09:53:37.750,176072,0,-10.000000,19.000000,1018.000000
2025-05-13T09:53:37.751,176073,0,45.000000,18.000000,1018.000000
2025-05-13T09:53:37.751,176074,0,45.000000,16.000000,969.000000
2025-05-13T09:53:37.751,176075,0,33.000000,16.000000,969.000000
2025-05-13T09:53:37.752,176076,0,-8.000000,18.000000,971.000000
2025-05-13T09:53:37.752,176077,0,-8.000000,18.000000,1005.000000
2025-05-13T09:53:37.752,176078,0,-6.000000,21.000000,1005.000000
2025-05-13T09:53:37.753,176079,0,33.000000,42.000000,1000.000000
2025-05-13T09:53:37.753,176080,0,33.000000,42.000000,1000.000000
2025-05-13T09:53:37.754,176081,0,0.000000,37.000000,1024.000000
2025-05-13T09:53:37.754,176082,0,0.000000,18.000000,1018.000000
2025-05-13T09:53:37.754,176083,0,-5.000000,18.000000,1018.000000
2025-05-13T09:53:37.755,176084,0,-11.000000,17.000000,1018.000000
2025-05-13T09:53:37.755,176085,0,-11.000000,17.000000,999.000000
2025-05-13T09:53:37.756,176086,0,37.000000,43.000000,999.000000
2025-05-13T09:53:37.756,176087,0,37.000000,21.000000,992.000000
2025-05-13T09:53:37.756,176088,0,37.000000,21.000000,992.000000
2025-05-13T09:53:37.757,176089,0,-4.000000,28.000000,1025.000000
2025-05-13T09:53:37.757,176090,0,-4.000000,28.000000,1028.000000
2025-05-13T09:53:37.758,176091,0,-7.000000,18.000000,1028.000000
2025-05-13T09:53:37.758,176092,0,40.000000,37.000000,1001.000000
2025-05-13T09:53:37.758,176093,0,40.000000,37.000000,1001.000000
2025-05-13T09:53:37.759,176094,0,40.000000,20.000000,1014.000000
2025-05-13T09:53:37.759,176095,0,40.000000,19.000000,1022.000000
2025-05-13T09:53:37.759,176096,0,-2.000000,19.000000,1022.000000
2025-05-13T09:53:37.760,176097,0,-4.000000,18.000000,1002.000000
2025-05-13T09:53:37.760,176098,0,-4.000000,18.000000,1021.000000
2025-05-13T09:53:37.761,176099,0,-2.000000,15.000000,1021.000000
2025-05-13T09:53:37.761,176100,0,-2.000000,40.000000,997.000000
2025-05-13T09:53:37.761,176101,0,36.000000,40.000000,997.000000
2025-05-13T09:53:37.762,176102,0,12.000000,21.000000,1021.000000
2025-05-13T09:53:37.762,176103,0,12.000000,21.000000,1001.000000
2025-05-13T09:53:37.763,176104,0,-4.000000,20.000000,1001.000000
2025-05-13T09:53:37.763,176105,0,35.000000,36.000000,1001.000000
2025-05-13T09:53:37.763,176106,0,35.000000,36.000000,1001.000000
2025-05-13T09:53:37.764,176107,0,-1.000000,18.000000,976.000000
2025-05-13T09:53:37.764,176108,0,-1.000000,19.000000,1017.000000
2025-05-13T09:53:37.765,176109,0,-4.000000,19.000000,1017.000000
2025-05-13T09:53:37.765,176110,0,-6.000000,36.000000,1005.000000
2025-05-13T09:53:37.765,176111,0,-6.000000,36.000000,1022.000000
2025-05-13T09:53:37.766,176112,0,-11.000000,45.000000,1022.000000
2025-05-13T09:53:37.766,176113,0,-11.000000,17.000000,982.000000
2025-05-13T09:53:37.767,176114,0,-4.000000,17.000000,982.000000
2025-05-13T09:53:37.767,176115,0,12.000000,24.000000,980.000000
2025-05-13T09:53:37.767,176116,0,12.000000,24.000000,1011.000000
2025-05-13T09:53:37.768,176117,0,-4.000000,45.000000,1011.000000
2025-05-13T09:53:37.768,176118,0,36.000000,43.000000,1001.000000
2025-05-13T09:53:37.768,176119,0,36.000000,43.000000,1001.000000
2025-05-13T09:53:37.769,176120,0,41.000000,21.000000,972.000000
2025-05-13T09:53:37.769,176121,0,41.000000,20.000000,1022.000000
2025-05-13T09:53:37.770,176122,0,15.000000,20.000000,1022.000000
2025-05-13T09:53:37.770,176123,0,-11.000000,15.000000,1023.000000
2025-05-13T09:53:37.770,176124,0,-11.000000,15.000000,1023.000000
2025-05-13T09:53:37.771,176125,0,33.000000,16.000000,1023.000000
2025-05-13T09:53:37.771,176126,0,33.000000,41.000000,1017.000000
2025-05-13T09:53:37.772,176127,0,-9.000000,41.000000,1017.000000
2025-05-13T09:53:37.772,176128,0,-9.000000,15.000000,1025.000000
2025-05-13T09:53:37.772,176129,0,-9.000000,15.000000,1011.000000
2025-05-13T09:53:37.773,176130,0,-12.000000,42.000000,1011.000000
2025-05-13T09:53:37.773,176131,0,41.000000,39.000000,980.000000
2025-05-13T09:53:37.774,176132,0,41.000000,39.000000,980.000000
2025-05-13T09:53:37.774,176133,0,-2.000000,45.000000,968.000000
2025-05-13T09:53:37.774,176134,0,-2.000000,24.000000,982.000000
2025-05-13T09:53:37.775,176135,0,11.000000,24.000000,982.000000
2025-05-13T09:53:37.775,176136,0,-5.000000,17.000000,1009.000000
2025-05-13T09:53:37.775,176137,0,-5.000000,17.000000,1026.000000
2025-05-13T09:53:37.776,176138,0,-6.000000,25.000000,1026.000000
2025-05-13T09:53:37.776,176139,0,-6.000000,16.000000,1016.000000
2025-05-13T09:53:37.777,176140,0,-12.000000,16.000000,1016.000000
2025-05-13T09:53:37.777,176141,0,-9.000000,22.000000,1018.000000
2025-05-13T09:53:37.777,176142,0,-9.000000,22.000000,1022.000000
2025-05-13T09:53:37.778,176143,0,-2.000000,21.000000,1022.000000
2025-05-13T09:53:37.778,176144,0,45.000000,43.000000,1027.000000
2025-05-13T09:53:37.779,176145,0,45.000000,43.000000,1027.000000
2025-05-13T09:53:37.779,176146,0,-5.000000,28.000000,996.000000
2025-05-13T09:53:37.779,176147,0,-5.000000,44.000000,1014.000000
2025-05-13T09:53:37.780,176148,0,14.000000,44.000000,1014.000000
2025-05-13T09:53:37.780,176149,0,-3.000000,39.000000,1007.000000
2025-05-13T09:53:37.781,176150,0,-3.000000,39.000000,1028.000000
2025-05-13T09:53:37.781,176151,0,44.000000,16.000000,1028.000000
2025-05-13T09:53:37.781,176152,0,44.000000,20.000000,982.000000
2025-05-13T09:53:37.782,176153,0,30.000000,20.000000,982.000000
2025-05-13T09:53:37.782,176154,0,-9.000000,20.000000,982.000000
2025-05-13T09:53:37.783,176155,0,-9.000000,20.000000,1021.000000
2025-05-13T09:53:37.783,176156,0,0.000000,18.000000,1021.000000
2025-05-13T09:53:37.783,176157,0,-6.000000,42.000000,1015.000000
2025-05-13T09:53:37.784,176158,0,-6.000000,42.000000,1015.000000
2025-05-13T09:53:37.784,176159,0,-2.000000,22.000000,982.000000
2025-05-13T09:53:37.784,176160,0,-2.000000,18.000000,1020.000000
2025-05-13T09:53:37.785,176161,0,9.000000,18.000000,1020.000000
2025-05-13T09:53:37.785,176162,0,-10.000000,37.000000,1000.000000
2025-05-13T09:53:37.786,176163,0,-10.000000,37.000000,969.000000
2025-05-13T09:53:37.786,176164,0,38.000000,41.000000,982.000000
2025-05-13T09:53:37.786,176165,0,38.000000,17.000000,970.000000
2025-05-13T09:53:37.787,176166,0,-13.000000,17.000000,970.000000
2025-05-13T09:53:37.787,176167,0,-6.000000,44.000000,1022.000000
2025-05-13T09:53:37.788,176168,0,-6.000000,44.000000,1021.000000
2025-05-13T09:53:37.788,176169,0,-5.000000,44.000000,1021.000000
2025-05-13T09:53:37.788,176170,0,25.000000,20.000000,1016.000000
2025-05-13T09:53:37.789,176171,0,31.000000,20.000000,1016.000000
2025-05-13T09:53:37.789,176172,0,-8.000000,17.000000,1017.000000
2025-05-13T09:53:37.790,176173,0,-8.000000,17.000000,1023.000000
2025-05-13T09:53:37.790,176174,0,-7.000000,20.000000,1023.000000
2025-05-13T09:53:37.790,176175,0,-6.000000,39.000000,1003.000000
2025-05-13T09:53:37.791,176176,0,-6.000000,39.000000,972.000000
2025-05-13T09:53:37.791,176177,0,44.000000,22.000000,981.000000
2025-05-13T09:53:37.791,176178,0,44.000000,18.000000,994.000000
2025-05-13T09:53:37.792,176179,0,39.000000,18.000000,994.000000
2025-05-13T09:53:37.792,176180,0,14.000000,19.000000,1025.000000
2025-05-13T09:53:37.793,176181,0,14.000000,19.000000,1026.000000
2025-05-13T09:53:37.793,176182,0,-2.000000,40.000000,1026.000000
2025-05-13T09:53:37.793,176183,0,-2.000000,41.000000,974.000000
2025-05-13T09:53:37.794,176184,0,-9.000000,41.000000,974.000000
2025-05-13T09:53:37.794,176185,0,-2.000000,18.000000,1016.000000
2025-05-13T09:53:37.795,176186,0,-2.000000,18.000000,1015.000000
2025-05-13T09:53:37.795,176187,0,-11.000000,45.000000,1015.000000
2025-05-13T09:53:37.796,176188,0,33.000000,16.000000,1025.000000
2025-05-13T09:53:37.796,176189,0,33.000000,16.000000,994.000000
2025-05-13T09:53:37.796,176190,0,15.000000,17.000000,978.000000
2025-05-13T09:53:37.797,176191,0,15.000000,18.000000,972.000000
2025-05-13T09:53:37.797,176192,0,-1.000000,18.000000,972.000000
2025-05-13T09:53:37.797,176193,0,-15.000000,18.000000,1018.000000
2025-05-13T09:53:37.798,176194,0,-15.000000,18.000000,1008.000000
2025-05-13T09:53:37.798,176195,0,35.000000,39.000000,1008.000000
2025-05-13T09:53:37.799,176196,0,35.000000,42.000000,997.000000
2025-05-13T09:53:37.799,176197,0,36.000000,42.000000,997.000000
2025-05-13T09:53:37.799,176198,0,33.000000,25.000000,1018.000000
2025-05-13T09:53:37.800,176199,0,33.000000,25.000000,1016.000000
2025-05-13T09:53:37.800,176200,0,-1.000000,21.000000,1016.000000
2025-05-13T09:53:37.800,176201,0,-9.000000,44.000000,1020.000000
2025-05-13T09:53:37.801,176202,0,-9.000000,44.000000,1020.000000
2025-05-13T09:53:37.801,176203,0,36.000000,41.000000,980.000000
2025-05-13T09:53:37.802,176204,0,36.000000,25.000000,998.000000
2025-05-13T09:53:37.802,176205,0,-3.000000,25.000000,998.000000
2025-05-13T09:53:37.802,176206,0,-12.000000,23.000000,1024.000000
2025-05-13T09:53:37.803,176207,0,-12.000000,23.000000,1028.000000
2025-05-13T09:53:37.803,176208,0,-8.000000,41.000000,1028.000000
2025-05-13T09:53:37.804,176209,0,-8.000000,42.000000,976.000000
2025-05-13T09:53:37.804,176210,0,44.000000,42.000000,976.000000
2025-05-13T09:53:37.804,176211,0,-15.000000,24.000000,981.000000
2025-05-13T09:53:37.805,176212,0,-15.000000,24.000000,1023.000000
2025-05-13T09:53:37.805,176213,0,0.000000,17.000000,1023.000000
2025-05-13T09:53:37.806,176214,0,0.000000,43.000000,1013.000000
2025-05-13T09:53:37.806,176215,0,0.000000,43.000000,1013.000000
2025-05-13T09:53:37.806,176216,0,-1.000000,20.000000,1017.000000
2025-05-13T09:53:37.807,176217,0,-1.000000,38.000000,974.000000
2025-05-13T09:53:37.807,176218,0,-8.000000,38.000000,974.000000
2025-05-13T09:53:37.807,176219,0,-14.000000,39.000000,1025.000000
2025-05-13T09:53:37.808,176220,0,-14.000000,39.000000,1021.000000
2025-05-13T09:53:37.808,176221,0,33.000000,45.000000,1021.000000
2025-05-13T09:53:37.809,176222,0,33.000000,44.000000,1016.000000
2025-05-13T09:53:37.809,176223,0,0.000000,44.000000,1016.000000
2025-05-13T09:53:37.809,176224,0,12.000000,27.000000,979.000000
2025-05-13T09:53:37.810,176225,0,12.000000,27.000000,1007.000000
2025-05-13T09:53:37.810,176226,0,-11.000000,43.000000,1007.000000
2025-05-13T09:53:37.811,176227,0,0.000000,45.000000,1023.000000
2025-05-13T09:53:37.811,176228,0,0.000000,45.000000,1023.000000
2025-05-13T09:53:37.812,176229,0,37.000000,38.000000,1019.000000
2025-05-13T09:53:37.812,176230,0,37.000000,21.000000,1017.000000
2025-05-13T09:53:37.812,176231,0,-2.000000,21.000000,1017.000000
2025-05-13T09:53:37.813,176232,0,-3.000000,18.000000,1022.000000
2025-05-13T09:53:37.813,176233,0,-3.000000,18.000000,1009.000000
2025-05-13T09:53:37.813,176234,0,43.000000,34.000000,1009.000000
2025-05-13T09:53:37.814,176235,0,43.000000,16.000000,970.000000
2025-05-13T09:53:37.814,176236,0,37.000000,16.000000,970.000000
2025-05-13T09:53:37.814,176237,0,-9.000000,45.000000,1018.000000
2025-05-13T09:53:37.815,176238,0,-9.000000,45.000000,1024.000000
2025-05-13T09:53:37.815,176239,0,32.000000,44.000000,1024.000000
2025-05-13T09:53:37.816,176240,0,44.000000,38.000000,1026.000000
2025-05-13T09:53:37.816,176241,0,44.000000,38.000000,1026.000000
2025-05-13T09:53:37.816,176242,0,38.000000,16.000000,1015.000000
2025-05-13T09:53:37.817,176243,0,38.000000,18.000000,1016.000000
2025-05-13T09:53:37.817,176244,0,36.000000,18.000000,1016.000000
2025-05-13T09:53:37.818,176245,0,32.000000,17.000000,1007.000000
2025-05-13T09:53:37.818,176246,0,32.000000,17.000000,1018.000000
2025-05-13T09:53:37.818,176247,0,-4.000000,16.000000,1018.000000
2025-05-13T09:53:37.819,176248,0,-4.000000,45.000000,1024.000000
2025-05-13T09:53:37.819,176249,0,37.000000,45.000000,1024.000000
2025-05-13T09:53:37.820,176250,0,-12.000000,26.000000,1020.000000
2025-05-13T09:53:37.820,176251,0,-12.000000,26.000000,1049.000000
2025-05-13T09:53:37.820,176252,0,-14.000000,16.000000,1049.000000
2025-05-13T09:53:37.821,176253,0,32.000000,42.000000,999.000000
2025-05-13T09:53:37.821,176254,0,32.000000,42.000000,999.000000
2025-05-13T09:53:37.822,176255,0,44.000000,21.000000,969.000000
2025-05-13T09:53:37.822,176256,0,44.000000,21.000000,1023.000000
2025-05-13T09:53:37.822,176257,0,-12.000000,21.000000,1023.000000
2025-05-13T09:53:37.823,176258,0,-4.000000,44.000000,1004.000000
2025-05-13T09:53:37.823,176259,0,-4.000000,44.000000,1025.000000
2025-05-13T09:53:37.823,176260,0,39.000000,43.000000,1025.000000
2025-05-13T09:53:37.824,176261,0,39.000000,44.000000,1018.000000
2025-05-13T09:53:37.824,176262,0,-7.000000,44.000000,1018.000000
2025-05-13T09:53:37.825,176263,0,-7.000000,21.000000,1023.000000
2025-05-13T09:53:37.825,176264,0,-7.000000,21.000000,1010.000000
2025-05-13T09:53:37.825,176265,0,-7.000000,41.000000,1010.000000
2025-05-13T09:53:37.826,176266,0,38.000000,42.000000,1025.000000
2025-05-13T09:53:37.826,176267,0,38.000000,42.000000,1025.000000
2025-05-13T09:53:37.827,176268,0,34.000000,19.000000,981.000000
2025-05-13T09:53:37.827,176269,0,34.000000,25.000000,1023.000000
2025-05-13T09:53:37.827,176270,0,14.000000,25.000000,1023.000000
2025-05-13T09:53:37.828,176271,0,-1.000000,40.000000,1008.000000
2025-05-13T09:53:37.828,176272,0,-1.000000,40.000000,1008.000000
2025-05-13T09:53:37.829,176273,0,37.000000,17.000000,1008.000000
2025-05-13T09:53:37.829,176274,0,37.000000,18.000000,1018.000000
2025-05-13T09:53:37.829,176275,0,-6.000000,18.000000,1018.000000
2025-05-13T09:53:37.830,176276,0,-6.000000,24.000000,1025.000000
2025-05-13T09:53:37.830,176277,0,-6.000000,24.000000,999.000000
2025-05-13T09:53:37.830,176278,0,-7.000000,40.000000,999.000000
2025-05-13T09:53:37.831,176279,0,15.000000,19.000000,1024.000000
2025-05-13T09:53:37.831,176280,0,15.000000,19.000000,1024.000000
2025-05-13T09:53:37.832,176281,0,0.000000,16.000000,972.000000
2025-05-13T09:53:37.832,176282,0,0.000000,20.000000,1026.000000
2025-05-13T09:53:37.832,176283,0,-9.000000,20.000000,1026.000000
2025-05-13T09:53:37.833,176284,0,32.000000,27.000000,1009.000000
2025-05-13T09:53:37.833,176285,0,32.000000,27.000000,1022.000000
2025-05-13T09:53:37.834,176286,0,35.000000,45.000000,1022.000000
2025-05-13T09:53:37.834,176287,0,35.000000,39.000000,1019.000000
2025-05-13T09:53:37.834,176288,0,-2.000000,39.000000,1019.000000
2025-05-13T09:53:37.835,176289,0,-12.000000,45.000000,1028.000000
2025-05-13T09:53:37.835,176290,0,-12.000000,45.000000,999.000000
2025-05-13T09:53:37.836,176291,0,-3.000000,17.000000,999.000000
2025-05-13T09:53:37.836,176292,0,41.000000,16.000000,1024.000000
2025-05-13T09:53:37.836,176293,0,41.000000,16.000000,1024.000000
2025-05-13T09:53:37.837,176294,0,-3.000000,28.000000,970.000000
2025-05-13T09:53:37.837,176295,0,-3.000000,17.000000,1019.000000
2025-05-13T09:53:37.838,176296,0,11.000000,17.000000,1019.000000
2025-05-13T09:53:37.838,176297,0,-8.000000,15.000000,1004.000000
2025-05-13T09:53:37.838,176298,0,-8.000000,15.000000,1025.000000
2025-05-13T09:53:37.839,176299,0,43.000000,41.000000,1025.000000
2025-05-13T09:53:37.839,176300,0,43.000000,21.000000,981.000000
2025-05-13T09:53:37.839,176301,0,36.000000,21.000000,981.000000
2025-05-13T09:53:37.840,176302,0,-2.000000,18.000000,980.000000
2025-05-13T09:53:37.840,176303,0,-2.000000,18.000000,1026.000000
2025-05-13T09:53:37.841,176304,0,-3.000000,20.000000,1026.000000
2025-05-13T09:53:37.841,176305,0,-3.000000,18.000000,1023.000000
2025-05-13T09:53:37.841,176306,0,-3.000000,18.000000,1023.000000
2025-05-13T09:53:37.842,176307,0,-4.000000,23.000000,981.000000
2025-05-13T09:53:37.842,176308,0,-4.000000,54.000000,1015.000000
2025-05-13T09:53:37.843,176309,0,-15.000000,62.000000,1015.000000
2025-05-13T09:53:37.843,176310,0,-3.000000,40.000000,1008.000000
2025-05-13T09:53:37.843,176311,0,-3.000000,40.000000,1008.000000
2025-05-13T09:53:37.844,176312,0,39.000000,22.000000,1023.000000
2025-05-13T09:53:37.844,176313,0,39.000000,21.000000,970.000000
2025-05-13T09:53:37.845,176314,0,35.000000,21.000000,970.000000
2025-05-13T09:53:37.845,176315,0,-15.000000,15.000000,1024.000000
2025-05-13T09:53:37.845,176316,0,-15.000000,15.000000,1023.000000
2025-05-13T09:53:37.846,176317,0,36.000000,17.000000,1023.000000
2025-05-13T09:53:37.846,176318,0,5.000000,17.000000,1014.000000
2025-05-13T09:53:37.846,176319,0,-6.000000,17.000000,1014.000000
2025-05-13T09:53:37.847,176320,0,-2.000000,23.000000,978.000000
2025-05-13T09:53:37.847,176321,0,-2.000000,23.000000,1014.000000
2025-05-13T09:53:37.848,176322,0,-10.000000,44.000000,1014.000000
2025-05-13T09:53:37.848,176323,0,-2.000000,36.000000,1026.000000
2025-05-13T09:53:37.848,176324,0,-2.000000,36.000000,995.000000
2025-05-13T09:53:37.849,176325,0,39.000000,44.000000,968.000000
2025-05-13T09:53:37.849,176326,0,39.000000,26.000000,969.000000
2025-05-13T09:53:37.850,176327,0,-4.000000,26.000000,969.000000
2025-05-13T09:53:37.850,176328,0,-12.000000,20.000000,1022.000000
2025-05-13T09:53:37.850,176329,0,-12.000000,20.000000,1003.000000
2025-05-13T09:53:37.851,176330,0,31.000000,38.000000,1003.000000
2025-05-13T09:53:37.851,176331,0,31.000000,16.000000,968.000000
2025-05-13T09:53:37.852,176332,0,33.000000,16.000000,968.000000
2025-05-13T09:53:37.852,176333,0,32.000000,27.000000,1018.000000
2025-05-13T09:53:37.852,176334,0,32.000000,27.000000,1016.000000
2025-05-13T09:53:37.853,176335,0,-14.000000,22.000000,1016.000000
2025-05-13T09:53:37.853,176336,0,-1.000000,40.000000,1018.000000
2025-05-13T09:53:37.854,176337,0,-1.000000,40.000000,1018.000000
2025-05-13T09:53:37.854,176338,0,44.000000,44.000000,978.000000
2025-05-13T09:53:37.854,176339,0,44.000000,17.000000,989.000000
2025-05-13T09:53:37.855,176340,0,31.000000,17.000000,989.000000
2025-05-13T09:53:37.855,176341,0,14.000000,15.000000,998.000000
2025-05-13T09:53:37.855,176342,0,14.000000,15.000000,982.000000
2025-05-13T09:53:37.856,176343,0,32.000000,37.000000,982.000000
2025-05-13T09:53:37.856,176344,0,32.000000,18.000000,972.000000
2025-05-13T09:53:37.857,176345,0,41.000000,18.000000,972.000000
2025-05-13T09:53:37.857,176346,0,-3.000000,26.000000,976.000000
2025-05-13T09:53:37.857,176347,0,-3.000000,26.000000,1026.000000
2025-05-13T09:53:37.858,176348,0,-2.000000,19.000000,1026.000000
2025-05-13T09:53:37.858,176349,0,-4.000000,42.000000,1019.000000
2025-05-13T09:53:37.859,176350,0,-4.000000,42.000000,1019.000000
2025-05-13T09:53:37.859,176351,0,37.000000,17.000000,979.000000
2025-05-13T09:53:37.859,176352,0,37.000000,23.000000,1021.000000
2025-05-13T09:53:37.860,176353,0,32.000000,23.000000,1021.000000
2025-05-13T09:53:37.860,176354,0,-8.000000,23.000000,982.000000
2025-05-13T09:53:37.861,176355,0,-8.000000,23.000000,1001.000000
2025-05-13T09:53:37.861,176356,0,35.000000,19.000000,1001.000000
2025-05-13T09:53:37.861,176357,0,35.000000,20.000000,969.000000
2025-05-13T09:53:37.862,176358,0,31.000000,20.000000,969.000000
2025-05-13T09:53:37.862,176359,0,-5.000000,28.000000,1019.000000
2025-05-13T09:53:37.862,176360,0,-5.000000,28.000000,1023.000000
2025-05-13T09:53:37.863,176361,0,-3.000000,21.000000,1023.000000
2025-05-13T09:53:37.863,176362,0,41.000000,40.000000,999.000000
2025-05-13T09:53:37.864,176363,0,41.000000,40.000000,999.000000
2025-05-13T09:53:37.864,176364,0,36.000000,17.000000,973.000000
2025-05-13T09:53:37.864,176365,0,36.000000,45.000000,978.000000
2025-05-13T09:53:37.865,176366,0,32.000000,45.000000,978.000000
2025-05-13T09:53:37.865,176367,0,36.000000,21.000000,1002.000000
2025-05-13T09:53:37.866,176368,0,36.000000,21.000000,1024.000000
2025-05-13T09:53:37.866,176369,0,34.000000,16.000000,1024.000000
2025-05-13T09:53:37.866,176370,0,34.000000,17.000000,979.000000
2025-05-13T09:53:37.867,176371,0,43.000000,17.000000,979.000000
2025-05-13T09:53:37.867,176372,0,14.000000,27.000000,982.000000
2025-05-13T09:53:37.868,176373,0,14.000000,27.000000,1011.000000
2025-05-13T09:53:37.868,176374,0,-6.000000,40.000000,1011.000000
2025-05-13T09:53:37.868,176375,0,0.000000,38.000000,1014.000000
2025-05-13T09:53:37.869,176376,0,0.000000,38.000000,1014.000000
2025-05-13T09:53:37.869,176377,0,35.000000,44.000000,998.000000
2025-05-13T09:53:37.870,176378,0,35.000000,43.000000,1015.000000
2025-05-13T09:53:37.870,176379,0,-6.000000,43.000000,1015.000000
2025-05-13T09:53:37.870,176380,0,-7.000000,45.000000,1026.000000
2025-05-13T09:53:37.871,176381,0,-7.000000,45.000000,1026.000000
2025-05-13T09:53:37.871,176382,0,31.000000,41.000000,1026.000000
2025-05-13T09:53:37.871,176383,0,31.000000,16.000000,1017.000000
2025-05-13T09:53:37.872,176384,0,-2.000000,16.000000,1017.000000
2025-05-13T09:53:37.872,176385,0,13.000000,18.000000,1018.000000
2025-05-13T09:53:37.873,176386,0,13.000000,18.000000,1049.000000
2025-05-13T09:53:37.873,176387,0,-1.000000,26.000000,1049.000000
2025-05-13T09:53:37.873,176388,0,44.000000,39.000000,1028.000000
2025-05-13T09:53:37.874,176389,0,44.000000,39.000000,1028.000000
2025-05-13T09:53:37.874,176390,0,36.000000,23.000000,974.000000
2025-05-13T09:53:37.875,176391,0,36.000000,26.000000,1020.000000
2025-05-13T09:53:37.875,176392,0,12.000000,26.000000,1020.000000
2025-05-13T09:53:37.875,176393,0,-6.000000,17.000000,1000.000000
2025-05-13T09:53:37.876,176394,0,-6.000000,17.000000,999.000000
2025-05-13T09:53:37.876,176395,0,-5.000000,16.000000,999.000000
2025-05-13T09:53:37.877,176396,0,-5.000000,24.000000,982.000000
2025-05-13T09:53:37.877,176397,0,-3.000000,24.000000,982.000000
2025-05-13T09:53:37.877,176398,0,-6.000000,21.000000,1002.000000
2025-05-13T09:53:37.878,176399,0,-6.000000,21.000000,1003.000000
2025-05-13T09:53:37.878,176400,0,-6.000000,18.000000,1003.000000
2025-05-13T09:53:37.878,176401,0,21.000000,42.000000,1026.000000
2025-05-13T09:53:37.879,176402,0,21.000000,42.000000,1026.000000
2025-05-13T09:53:37.879,176403,0,33.000000,19.000000,975.000000
2025-05-13T09:53:37.880,176404,0,33.000000,28.000000,1021.000000
2025-05-13T09:53:37.880,176405,0,-10.000000,28.000000,1021.000000
2025-05-13T09:53:37.880,176406,0,31.000000,20.000000,1049.000000
2025-05-13T09:53:37.881,176407,0,31.000000,20.000000,1026.000000
2025-05-13T09:53:37.881,176408,0,37.000000,20.000000,1026.000000
2025-05-13T09:53:37.882,176409,0,37.000000,44.000000,981.000000
2025-05-13T09:53:37.882,176410,0,37.000000,44.000000,981.000000
2025-05-13T09:53:37.882,176411,0,-1.000000,24.000000,999.000000
2025-05-13T09:53:37.883,176412,0,-1.000000,24.000000,1027.000000
2025-05-13T09:53:37.883,176413,0,-11.000000,16.000000,1027.000000
2025-05-13T09:53:37.884,176414,0,45.000000,18.000000,1020.000000
2025-05-13T09:53:37.884,176415,0,45.000000,18.000000,1020.000000
2025-05-13T09:53:37.884,176416,0,-10.000000,42.000000,990.000000
2025-05-13T09:53:37.885,176417,0,-10.000000,21.000000,1021.000000
2025-05-13T09:53:37.885,176418,0,12.000000,21.000000,1021.000000
2025-05-13T09:53:37.886,176419,0,-1.000000,18.000000,1005.000000
2025-05-13T09:53:37.886,176420,0,-1.000000,18.000000,1027.000000
2025-05-13T09:53:37.886,176421,0,33.000000,44.000000,1027.000000
2025-05-13T09:53:37.887,176422,0,33.000000,19.000000,1021.000000
2025-05-13T09:53:37.887,176423,0,-6.000000,19.000000,1021.000000
2025-05-13T09:53:37.887,176424,0,14.000000,19.000000,1022.000000
2025-05-13T09:53:37.888,176425,0,14.000000,19.000000,1004.000000
2025-05-13T09:53:37.888,176426,0,31.000000,21.000000,1004.000000
2025-05-13T09:53:37.889,176427,0,36.000000,34.000000,1019.000000
2025-05-13T09:53:37.889,176428,0,36.000000,34.000000,1019.000000
2025-05-13T09:53:37.889,176429,0,0.000000,25.000000,996.000000
2025-05-13T09:53:37.890,176430,0,0.000000,24.000000,1016.000000
2025-05-13T09:53:37.890,176431,0,-15.000000,24.000000,1016.000000
2025-05-13T09:53:37.891,176432,0,-4.000000,38.000000,1009.000000
2025-05-13T09:53:37.891,176433,0,-4.000000,38.000000,973.000000
2025-05-13T09:53:37.891,176434,0,42.000000,37.000000,973.000000
2025-05-13T09:53:37.892,176435,0,42.000000,16.000000,1014.000000
2025-05-13T09:53:37.892,176436,0,-1.000000,16.000000,1014.000000
2025-05-13T09:53:37.893,176437,0,0.000000,24.000000,982.000000
2025-05-13T09:53:37.893,176438,0,0.000000,24.000000,1001.000000
2025-05-13T09:53:37.893,176439,0,-1.000000,20.000000,1001.000000
2025-05-13T09:53:37.894,176440,0,0.000000,15.000000,1018.000000
2025-05-13T09:53:37.894,176441,0,0.000000,15.000000,1018.000000
2025-05-13T09:53:37.894,176442,0,0.000000,22.000000,976.000000
2025-05-13T09:53:37.895,176443,0,0.000000,21.000000,1017.000000
2025-05-13T09:53:37.895,176444,0,-9.000000,21.000000,1017.000000
2025-05-13T09:53:37.896,176445,0,-9.000000,45.000000,1011.000000
2025-05-13T09:53:37.896,176446,0,-9.000000,45.000000,1016.000000
2025-05-13T09:53:37.896,176447,0,39.000000,45.000000,1016.000000
2025-05-13T09:53:37.897,176448,0,39.000000,18.000000,996.000000
2025-05-13T09:53:37.897,176449,0,-8.000000,18.000000,996.000000
2025-05-13T09:53:37.898,176450,0,-9.000000,38.000000,1020.000000
2025-05-13T09:53:37.898,176451,0,-9.000000,38.000000,1026.000000
2025-05-13T09:53:37.898,176452,0,-5.000000,42.000000,1026.000000
2025-05-13T09:53:37.899,176453,0,-3.000000,42.000000,1013.000000
2025-05-13T09:53:37.899,176454,0,-3.000000,42.000000,1013.000000
2025-05-13T09:53:37.900,176455,0,32.000000,23.000000,972.000000
2025-05-13T09:53:37.900,176456,0,32.000000,21.000000,1020.000000
2025-05-13T09:53:37.900,176457,0,11.000000,21.000000,1020.000000
2025-05-13T09:53:37.901,176458,0,31.000000,17.000000,1045.000000
2025-05-13T09:53:37.901,176459,0,31.000000,17.000000,978.000000
2025-05-13T09:53:37.901,176460,0,36.000000,41.000000,978.000000
2025-05-13T09:53:37.902,176461,0,36.000000,45.000000,997.000000
2025-05-13T09:53:37.902,176462,0,-10.000000,45.000000,997.000000
2025-05-13T09:53:37.903,176463,0,-3.000000,45.000000,977.000000
2025-05-13T09:53:37.903,176464,0,-3.000000,45.000000,1020.000000
2025-05-13T09:53:37.903,176465,0,-4.000000,23.000000,1020.000000
2025-05-13T09:53:37.904,176466,0,35.000000,21.000000,1023.000000
2025-05-13T09:53:37.904,176467,0,35.000000,21.000000,1023.000000
2025-05-13T09:53:37.905,176468,0,-1.000000,19.000000,971.000000
2025-05-13T09:53:37.905,176469,0,-1.000000,19.000000,1015.000000
2025-05-13T09:53:37.905,176470,0,14.000000,17.000000,1015.000000
2025-05-13T09:53:37.906,176471,0,-3.000000,35.000000,1002.000000
2025-05-13T09:53:37.906,176472,0,-3.000000,35.000000,1002.000000
2025-05-13T09:53:37.907,176473,0,42.000000,17.000000,1025.000000
2025-05-13T09:53:37.907,176474,0,42.000000,20.000000,998.000000
2025-05-13T09:53:37.907,176475,0,-1.000000,20.000000,998.000000
2025-05-13T09:53:37.908,176476,0,-10.000000,43.000000,1025.000000
2025-05-13T09:53:37.908,176477,0,-10.000000,43.000000,1018.000000
2025-05-13T09:53:37.909,176478,0,-5.000000,43.000000,1018.000000
2025-05-13T09:53:37.909,176479,0,25.000000,16.000000,1018.000000
2025-05-13T09:53:37.909,176480,0,35.000000,16.000000,1018.000000
2025-05-13T09:53:37.910,176481,0,-1.000000,45.000000,976.000000
2025-05-13T09:53:37.910,176482,0,-1.000000,45.000000,1020.000000
2025-05-13T09:53:37.910,176483,0,14.000000,21.000000,1020.000000
2025-05-13T09:53:37.911,176484,0,-6.000000,43.000000,1003.000000
2025-05-13T09:53:37.911,176485,0,-6.000000,43.000000,972.000000
2025-05-13T09:53:37.912,176486,0,40.000000,45.000000,982.000000
2025-05-13T09:53:37.912,176487,0,40.000000,20.000000,971.000000
2025-05-13T09:53:37.912,176488,0,35.000000,20.000000,971.000000
2025-05-13T09:53:37.913,176489,0,15.000000,21.000000,1002.000000
2025-05-13T09:53:37.913,176490,0,15.000000,21.000000,1003.000000
2025-05-13T09:53:37.914,176491,0,-1.000000,15.000000,1003.000000
2025-05-13T09:53:37.914,176492,0,28.000000,44.000000,1025.000000
2025-05-13T09:53:37.914,176493,0,35.000000,44.000000,1025.000000
2025-05-13T09:53:37.915,176494,0,-2.000000,20.000000,1017.000000
2025-05-13T09:53:37.915,176495,0,-2.000000,20.000000,1014.000000
2025-05-13T09:53:37.916,176496,0,-10.000000,43.000000,1014.000000
2025-05-13T09:53:37.916,176497,0,-11.000000,44.000000,1006.000000
2025-05-13T09:53:37.916,176498,0,-11.000000,44.000000,976.000000
2025-05-13T09:53:37.917,176499,0,16.000000,43.000000,981.000000
2025-05-13T09:53:37.917,176500,0,16.000000,26.000000,976.000000
2025-05-13T09:53:37.917,176501,0,-3.000000,26.000000,976.000000
2025-05-13T09:53:37.918,176502,0,14.000000,15.000000,1017.000000
2025-05-13T09:53:37.918,176503,0,14.000000,15.000000,1012.000000
2025-05-13T09:53:37.919,176504,0,-6.000000,39.000000,1012.000000
2025-05-13T09:53:37.919,176505,0,-6.000000,32.000000,978.000000
2025-05-13T09:53:37.919,176506,0,-8.000000,32.000000,978.000000
2025-05-13T09:53:37.920,176507,0,-2.000000,43.000000,1017.000000
2025-05-13T09:53:37.920,176508,0,-2.000000,43.000000,1025.000000
2025-05-13T09:53:37.921,176509,0,-6.000000,40.000000,1025.000000
2025-05-13T09:53:37.921,176510,0,-6.000000,41.000000,1025.000000
2025-05-13T09:53:37.921,176511,0,-6.000000,41.000000,1025.000000
2025-05-13T09:53:37.922,176512,0,36.000000,36.000000,1013.000000
2025-05-13T09:53:37.922,176513,0,36.000000,26.000000,978.000000
2025-05-13T09:53:37.923,176514,0,-7.000000,26.000000,978.000000
2025-05-13T09:53:37.923,176515,0,-9.000000,18.000000,1028.000000
2025-05-13T09:53:37.923,176516,0,-9.000000,18.000000,1027.000000
2025-05-13T09:53:37.924,176517,0,-6.000000,38.000000,1027.000000
2025-05-13T09:53:37.924,176518,0,-6.000000,43.000000,998.000000
2025-05-13T09:53:37.925,176519,0,35.000000,43.000000,998.000000
2025-05-13T09:53:37.925,176520,0,9.000000,22.000000,1018.000000
2025-05-13T09:53:37.925,176521,0,9.000000,22.000000,1028.000000
2025-05-13T09:53:37.926,176522,0,-2.000000,19.000000,1028.000000
2025-05-13T09:53:37.926,176523,0,-1.000000,44.000000,998.000000
2025-05-13T09:53:37.926,176524,0,-1.000000,44.000000,998.000000
2025-05-13T09:53:37.927,176525,0,-3.000000,18.000000,1024.000000
2025-05-13T09:53:37.927,176526,0,-3.000000,20.000000,975.000000
2025-05-13T09:53:37.928,176527,0,-11.000000,20.000000,975.000000
2025-05-13T09:53:37.928,176528,0,-13.000000,23.000000,1001.000000
2025-05-13T09:53:37.928,176529,0,-13.000000,23.000000,1026.000000
2025-05-13T09:53:37.929,176530,0,31.000000,38.000000,1026.000000
2025-05-13T09:53:37.929,176531,0,31.000000,42.000000,1016.000000
2025-05-13T09:53:37.930,176532,0,37.000000,42.000000,1016.000000
2025-05-13T09:53:37.930,176533,0,-12.000000,19.000000,1016.000000
2025-05-13T09:53:37.930,176534,0,-12.000000,19.000000,1010.000000
2025-05-13T09:53:37.931,176535,0,-8.000000,45.000000,1010.000000
2025-05-13T09:53:37.931,176536,0,32.000000,15.000000,1029.000000
2025-05-13T09:53:37.932,176537,0,32.000000,15.000000,1029.000000
2025-05-13T09:53:37.932,176538,0,-3.000000,17.000000,982.000000
2025-05-13T09:53:37.932,176539,0,-3.000000,43.000000,1015.000000
2025-05-13T09:53:37.933,176540,0,-1.000000,43.000000,1015.000000
2025-05-13T09:53:37.933,176541,0,14.000000,16.000000,1006.000000
2025-05-13T09:53:37.934,176542,0,14.000000,16.000000,1025.000000
2025-05-13T09:53:37.934,176543,0,38.000000,38.000000,1025.000000
2025-05-13T09:53:37.934,176544,0,38.000000,15.000000,995.000000
2025-05-13T09:53:37.935,176545,0,-1.000000,15.000000,995.000000
2025-05-13T09:53:37.935,176546,0,-2.000000,17.000000,1015.000000
2025-05-13T09:53:37.935,176547,0,-2.000000,17.000000,1005.000000
2025-05-13T09:53:37.936,176548,0,-14.000000,45.000000,1005.000000
2025-05-13T09:53:37.936,176549,0,33.000000,33.000000,1022.000000
2025-05-13T09:53:37.937,176550,0,33.000000,33.000000,1022.000000
2025-05-13T09:53:37.937,176551,0,-5.000000,43.000000,980.000000
2025-05-13T09:53:37.937,176552,0,-5.000000,18.000000,1029.000000
2025-05-13T09:53:37.938,176553,0,-9.000000,18.000000,1029.000000
2025-05-13T09:53:37.938,176554,0,-3.000000,43.000000,1003.000000
2025-05-13T09:53:37.939,176555,0,-3.000000,43.000000,1024.000000
2025-05-13T09:53:37.939,176556,0,37.000000,15.000000,1024.000000
2025-05-13T09:53:37.939,176557,0,37.000000,41.000000,975.000000
2025-05-13T09:53:37.940,176558,0,33.000000,41.000000,975.000000
2025-05-13T09:53:37.940,176559,0,10.000000,23.000000,1016.000000
2025-05-13T09:53:37.941,176560,0,10.000000,23.000000,1001.000000
2025-05-13T09:53:37.941,176561,0,-14.000000,45.000000,1001.000000
2025-05-13T09:53:37.941,176562,0,42.000000,37.000000,1028.000000
2025-05-13T09:53:37.942,176563,0,42.000000,37.000000,1028.000000
2025-05-13T09:53:37.942,176564,0,33.000000,18.000000,1018.000000
2025-05-13T09:53:37.942,176565,0,33.000000,32.000000,1018.000000
2025-05-13T09:53:37.943,176566,0,-4.000000,32.000000,1018.000000
2025-05-13T09:53:37.943,176567,0,-10.000000,19.000000,1009.000000
2025-05-13T09:53:37.944,176568,0,-10.000000,19.000000,1020.000000
2025-05-13T09:53:37.944,176569,0,-12.000000,44.000000,1020.000000
2025-05-13T09:53:37.944,176570,0,-12.000000,21.000000,972.000000
2025-05-13T09:53:37.945,176571,0,34.000000,21.000000,972.000000
2025-05-13T09:53:37.945,176572,0,9.000000,29.000000,1014.000000
2025-05-13T09:53:37.946,176573,0,9.000000,29.000000,1007.000000
2025-05-13T09:53:37.946,176574,0,-1.000000,18.000000,1007.000000
2025-05-13T09:53:37.946,176575,0,-2.000000,40.000000,1022.000000
2025-05-13T09:53:37.947,176576,0,-2.000000,40.000000,1022.000000
2025-05-13T09:53:37.947,176577,0,33.000000,18.000000,972.000000
2025-05-13T09:53:37.948,176578,0,33.000000,18.000000,1023.000000
2025-05-13T09:53:37.948,176579,0,-8.000000,18.000000,1023.000000
2025-05-13T09:53:37.948,176580,0,-5.000000,45.000000,1023.000000
2025-05-13T09:53:37.949,176581,0,-5.000000,45.000000,979.000000
2025-05-13T09:53:37.949,176582,0,33.000000,23.000000,979.000000
2025-05-13T09:53:37.949,176583,0,33.000000,17.000000,973.000000
2025-05-13T09:53:37.950,176584,0,-9.000000,17.000000,973.000000
2025-05-13T09:53:37.950,176585,0,-10.000000,24.000000,981.000000
2025-05-13T09:53:37.951,176586,0,-10.000000,24.000000,1012.000000
2025-05-13T09:53:37.951,176587,0,-8.000000,20.000000,1012.000000
2025-05-13T09:53:37.951,176588,0,38.000000,15.000000,1015.000000
2025-05-13T09:53:37.952,176589,0,38.000000,15.000000,1015.000000
2025-05-13T09:53:37.952,176590,0,32.000000,19.000000,991.000000
2025-05-13T09:53:37.953,176591,0,32.000000,28.000000,980.000000
2025-05-13T09:53:37.953,176592,0,15.000000,28.000000,980.000000
2025-05-13T09:53:37.953,176593,0,-8.000000,17.000000,998.000000
2025-05-13T09:53:37.954,176594,0,-8.000000,17.000000,1028.000000
2025-05-13T09:53:37.954,176595,0,34.000000,17.000000,1028.000000
2025-05-13T09:53:37.955,176596,0,34.000000,18.000000,976.000000
2025-05-13T09:53:37.955,176597,0,-2.000000,18.000000,976.000000
2025-05-13T09:53:37.955,176598,0,-7.000000,19.000000,1020.000000
2025-05-13T09:53:37.956,176599,0,-7.000000,19.000000,1020.000000
2025-05-13T09:53:37.956,176600,0,-11.000000,44.000000,1020.000000
2025-05-13T09:53:37.957,176601,0,41.000000,40.000000,1026.000000
2025-05-13T09:53:37.957,176602,0,41.000000,40.000000,1026.000000
2025-05-13T09:53:37.957,176603,0,0.000000,22.000000,969.000000
2025-05-13T09:53:37.958,176604,0,0.000000,24.000000,1019.000000
2025-05-13T09:53:37.958,176605,0,-15.000000,24.000000,1019.000000
2025-05-13T09:53:37.958,176606,0,38.000000,43.000000,1011.000000
2025-05-13T09:53:37.959,176607,0,38.000000,43.000000,1023.000000
2025-05-13T09:53:37.959,176608,0,31.000000,45.000000,1023.000000
2025-05-13T09:53:37.960,176609,0,31.000000,21.000000,1016.000000
2025-05-13T09:53:37.960,176610,0,-7.000000,21.000000,1016.000000
2025-05-13T09:53:37.960,176611,0,-14.000000,18.000000,981.000000
2025-05-13T09:53:37.961,176612,0,-14.000000,18.000000,999.000000
2025-05-13T09:53:37.961,176613,0,-3.000000,18.000000,999.000000
2025-05-13T09:53:37.962,176614,0,39.000000,17.000000,1026.000000
2025-05-13T09:53:37.962,176615,0,39.000000,17.000000,1026.000000
2025-05-13T09:53:37.962,176616,0,-7.000000,27.000000,996.000000
2025-05-13T09:53:37.963,176617,0,-7.000000,21.000000,1016.000000
2025-05-13T09:53:37.963,176618,0,-12.000000,21.000000,1016.000000
2025-05-13T09:53:37.964,176619,0,-2.000000,21.000000,1009.000000
2025-05-13T09:53:37.964,176620,0,-2.000000,21.000000,1022.000000
2025-05-13T09:53:37.964,176621,0,42.000000,43.000000,1022.000000
2025-05-13T09:53:37.965,176622,0,42.000000,17.000000,1017.000000
2025-05-13T09:53:37.965,176623,0,35.000000,17.000000,1017.000000
2025-05-13T09:53:37.965,176624,0,-11.000000,17.000000,982.000000
2025-05-13T09:53:37.966,176625,0,-11.000000,17.000000,1026.000000
2025-05-13T09:53:37.966,176626,0,0.000000,20.000000,1026.000000
2025-05-13T09:53:37.967,176627,0,0.000000,42.000000,1024.000000
2025-05-13T09:53:37.967,176628,0,0.000000,42.000000,1024.000000
2025-05-13T09:53:37.967,176629,0,31.000000,62.000000,975.000000
2025-05-13T09:53:37.968,176630,0,31.000000,21.000000,1018.000000
2025-05-13T09:53:37.968,176631,0,13.000000,21.000000,1018.000000
2025-05-13T09:53:37.969,176632,0,-1.000000,16.000000,1009.000000
2025-05-13T09:53:37.969,176633,0,-1.000000,16.000000,1023.000000
2025-05-13T09:53:37.969,176634,0,38.000000,43.000000,1023.000000
2025-05-13T09:53:37.970,176635,0,38.000000,44.000000,1020.000000
2025-05-13T09:53:37.970,176636,0,34.000000,44.000000,1020.000000
2025-05-13T09:53:37.971,176637,0,-1.000000,43.000000,1015.000000
2025-05-13T09:53:37.971,176638,0,-1.000000,43.000000,1028.000000
2025-05-13T09:53:37.971,176639,0,34.000000,39.000000,1028.000000
2025-05-13T09:53:37.972,176640,0,0.000000,35.000000,1018.000000
2025-05-13T09:53:37.972,176641,0,0.000000,35.000000,1018.000000
2025-05-13T09:53:37.972,176642,0,31.000000,17.000000,974.000000
2025-05-13T09:53:37.973,176643,0,31.000000,23.000000,1018.000000
2025-05-13T09:53:37.973,176644,0,12.000000,23.000000,1018.000000
2025-05-13T09:53:37.974,176645,0,32.000000,43.000000,1044.000000
2025-05-13T09:53:37.974,176646,0,32.000000,43.000000,1023.000000
2025-05-13T09:53:37.974,176647,0,42.000000,45.000000,1023.000000
2025-05-13T09:53:37.975,176648,0,42.000000,18.000000,1017.000000
2025-05-13T09:53:37.975,176649,0,33.000000,18.000000,1017.000000
2025-05-13T09:53:37.976,176650,0,30.000000,23.000000,1017.000000
2025-05-13T09:53:37.976,176651,0,30.000000,23.000000,1028.000000
2025-05-13T09:53:37.976,176652,0,-2.000000,23.000000,1028.000000
2025-05-13T09:53:37.977,176653,0,34.000000,16.000000,1023.000000
2025-05-13T09:53:37.977,176654,0,34.000000,16.000000,1023.000000
2025-05-13T09:53:37.978,176655,0,35.000000,29.000000,981.000000
2025-05-13T09:53:37.978,176656,0,35.000000,19.000000,1020.000000
2025-05-13T09:53:37.978,176657,0,10.000000,19.000000,1020.000000
2025-05-13T09:53:37.979,176658,0,-9.000000,20.000000,1009.000000
2025-05-13T09:53:37.979,176659,0,-9.000000,20.000000,1023.000000
2025-05-13T09:53:37.979,176660,0,37.000000,17.000000,1023.000000
2025-05-13T09:53:37.980,176661,0,37.000000,20.000000,996.000000
2025-05-13T09:53:37.980,176662,0,32.000000,20.000000,996.000000
2025-05-13T09:53:37.981,176663,0,-1.000000,43.000000,979.000000
2025-05-13T09:53:37.981,176664,0,-1.000000,43.000000,1017.000000
2025-05-13T09:53:37.981,176665,0,34.000000,44.000000,1017.000000
2025-05-13T09:53:37.982,176666,0,-1.000000,45.000000,1018.000000
2025-05-13T09:53:37.982,176667,0,-1.000000,45.000000,1018.000000
2025-05-13T09:53:37.983,176668,0,-1.000000,45.000000,975.000000
2025-05-13T09:53:37.983,176669,0,-1.000000,25.000000,1000.000000
2025-05-13T09:53:37.983,176670,0,8.000000,25.000000,1000.000000
2025-05-13T09:53:37.984,176671,0,-10.000000,39.000000,1010.000000
2025-05-13T09:53:37.984,176672,0,-10.000000,39.000000,1010.000000
2025-05-13T09:53:37.985,176673,0,39.000000,18.000000,998.000000
2025-05-13T09:53:37.985,176674,0,39.000000,20.000000,996.000000
2025-05-13T09:53:37.985,176675,0,-1.000000,20.000000,996.000000
2025-05-13T09:53:37.986,176676,0,0.000000,19.000000,1023.000000
2025-05-13T09:53:37.986,176677,0,0.000000,19.000000,1025.000000
2025-05-13T09:53:37.987,176678,0,33.000000,19.000000,1025.000000
2025-05-13T09:53:37.987,176679,0,33.000000,21.000000,1018.000000
2025-05-13T09:53:37.987,176680,0,36.000000,21.000000,1018.000000
2025-05-13T09:53:37.988,176681,0,-7.000000,41.000000,971.000000
2025-05-13T09:53:37.988,176682,0,-7.000000,41.000000,1016.000000
2025-05-13T09:53:37.989,176683,0,13.000000,17.000000,1016.000000
2025-05-13T09:53:37.989,176684,0,31.000000,38.000000,1007.000000
2025-05-13T09:53:37.989,176685,0,31.000000,38.000000,1007.000000
2025-05-13T09:53:37.990,176686,0,41.000000,21.000000,1025.000000
2025-05-13T09:53:37.990,176687,0,41.000000,26.000000,970.000000
2025-05-13T09:53:37.990,176688,0,32.000000,26.000000,970.000000
2025-05-13T09:53:37.991,176689,0,14.000000,16.000000,998.000000
2025-05-13T09:53:37.991,176690,0,14.000000,16.000000,1020.000000
2025-05-13T09:53:37.992,176691,0,-4.000000,43.000000,1020.000000
2025-05-13T09:53:37.992,176692,0,26.000000,39.000000,1021.000000
2025-05-13T09:53:37.992,176693,0,32.000000,39.000000,1021.000000
2025-05-13T09:53:37.993,176694,0,-1.000000,21.000000,979.000000
2025-05-13T09:53:37.993,176695,0,-1.000000,21.000000,1023.000000
2025-05-13T09:53:37.994,176696,0,-5.000000,45.000000,1023.000000
2025-05-13T09:53:37.994,176697,0,31.000000,38.000000,1002.000000
2025-05-13T09:53:37.994,176698,0,31.000000,38.000000,1002.000000
2025-05-13T09:53:37.995,176699,0,36.000000,41.000000,1019.000000
2025-05-13T09:53:37.995,176700,0,36.000000,18.000000,969.000000
2025-05-13T09:53:37.995,176701,0,-7.000000,18.000000,969.000000
2025-05-13T09:53:37.996,176702,0,-14.000000,17.000000,1027.000000
2025-05-13T09:53:37.996,176703,0,-14.000000,17.000000,1000.000000
2025-05-13T09:53:37.997,176704,0,38.000000,40.000000,1000.000000
2025-05-13T09:53:37.997,176705,0,8.000000,19.000000,1022.000000
2025-05-13T09:53:37.997,176706,0,-2.000000,19.000000,1022.000000
2025-05-13T09:53:37.998,176707,0,-13.000000,22.000000,1020.000000
2025-05-13T09:53:37.998,176708,0,-13.000000,22.000000,1020.000000
2025-05-13T09:53:37.999,176709,0,15.000000,18.000000,1020.000000
2025-05-13T09:53:37.999,176710,0,-6.000000,44.000000,1005.000000
2025-05-13T09:53:37.999,176711,0,-6.000000,44.000000,974.000000
2025-05-13T09:53:38.000,176712,0,42.000000,41.000000,981.000000
2025-05-13T09:53:38.000,176713,0,42.000000,43.000000,979.000000
2025-05-13T09:53:38.001,176714,0,31.000000,43.000000,979.000000
2025-05-13T09:53:38.001,176715,0,10.000000,28.000000,1027.000000
2025-05-13T09:53:38.001,176716,0,10.000000,28.000000,1025.000000
2025-05-13T09:53:38.002,176717,0,30.000000,17.000000,1025.000000
2025-05-13T09:53:38.002,176718,0,30.000000,18.000000,1020.000000
2025-05-13T09:53:38.003,176719,0,39.000000,18.000000,1020.000000
2025-05-13T09:53:38.003,176720,0,0.000000,62.000000,1017.000000
2025-05-13T09:53:38.003,176721,0,0.000000,31.000000,981.000000
2025-05-13T09:53:38.004,176722,0,-9.000000,18.000000,981.000000
2025-05-13T09:53:38.004,176723,0,-5.000000,35.000000,1005.000000
2025-05-13T09:53:38.004,176724,0,-5.000000,35.000000,975.000000
2025-05-13T09:53:38.005,176725,0,15.000000,41.000000,979.000000
2025-05-13T09:53:38.005,176726,0,15.000000,19.000000,982.000000
2025-05-13T09:53:38.006,176727,0,33.000000,19.000000,982.000000
2025-05-13T09:53:38.006,176728,0,10.000000,44.000000,1025.000000
2025-05-13T09:53:38.006,176729,0,10.000000,44.000000,1000.000000
2025-05-13T09:53:38.007,176730,0,42.000000,38.000000,1000.000000
2025-05-13T09:53:38.007,176731,0,11.000000,41.000000,1015.000000
2025-05-13T09:53:38.008,176732,0,-5.000000,41.000000,1015.000000
2025-05-13T09:53:38.008,176733,0,35.000000,22.000000,1017.000000
2025-05-13T09:53:38.008,176734,0,35.000000,22.000000,1017.000000
2025-05-13T09:53:38.009,176735,0,-6.000000,15.000000,1017.000000
2025-05-13T09:53:38.009,176736,0,30.000000,39.000000,1008.000000
2025-05-13T09:53:38.010,176737,0,30.000000,39.000000,978.000000
2025-05-13T09:53:38.010,176738,0,17.000000,22.000000,981.000000
2025-05-13T09:53:38.010,176739,0,17.000000,27.000000,972.000000
2025-05-13T09:53:38.011,176740,0,33.000000,27.000000,972.000000
2025-05-13T09:53:38.011,176741,0,-12.000000,15.000000,982.000000
2025-05-13T09:53:38.012,176742,0,-12.000000,15.000000,1047.000000
2025-05-13T09:53:38.012,176743,0,42.000000,41.000000,1047.000000
2025-05-13T09:53:38.012,176744,0,42.000000,21.000000,978.000000
2025-05-13T09:53:38.013,176745,0,32.000000,21.000000,978.000000
2025-05-13T09:53:38.013,176746,0,34.000000,25.000000,1018.000000
2025-05-13T09:53:38.013,176747,0,34.000000,25.000000,1003.000000
2025-05-13T09:53:38.014,176748,0,-8.000000,17.000000,1003.000000
2025-05-13T09:53:38.014,176749,0,-1.000000,45.000000,999.000000
2025-05-13T09:53:38.015,176750,0,-1.000000,45.000000,968.000000
2025-05-13T09:53:38.015,176751,0,39.000000,41.000000,981.000000
2025-05-13T09:53:38.015,176752,0,39.000000,30.000000,977.000000
2025-05-13T09:53:38.016,176753,0,-4.000000,30.000000,977.000000
2025-05-13T09:53:38.016,176754,0,14.000000,22.000000,1026.000000
2025-05-13T09:53:38.017,176755,0,14.000000,22.000000,1005.000000
2025-05-13T09:53:38.017,176756,0,37.000000,39.000000,1005.000000
2025-05-13T09:53:38.017,176757,0,37.000000,44.000000,1018.000000
2025-05-13T09:53:38.018,176758,0,36.000000,44.000000,1018.000000
2025-05-13T09:53:38.018,176759,0,-1.000000,15.000000,1026.000000
2025-05-13T09:53:38.018,176760,0,-1.000000,15.000000,1026.000000
2025-05-13T09:53:38.019,176761,0,-14.000000,42.000000,1026.000000
2025-05-13T09:53:38.019,176762,0,-5.000000,44.000000,1027.000000
2025-05-13T09:53:38.020,176763,0,-5.000000,44.000000,1027.000000
2025-05-13T09:53:38.020,176764,0,39.000000,41.000000,979.000000
2025-05-13T09:53:38.020,176765,0,39.000000,21.000000,975.000000
2025-05-13T09:53:38.021,176766,0,-10.000000,21.000000,975.000000
2025-05-13T09:53:38.021,176767,0,-3.000000,16.000000,999.000000
2025-05-13T09:53:38.022,176768,0,-3.000000,16.000000,1005.000000
2025-05-13T09:53:38.022,176769,0,38.000000,39.000000,1005.000000
2025-05-13T09:53:38.022,176770,0,38.000000,18.000000,1023.000000
2025-05-13T09:53:38.023,176771,0,34.000000,18.000000,1023.000000
2025-05-13T09:53:38.023,176772,0,-3.000000,26.000000,1020.000000
2025-05-13T09:53:38.024,176773,0,-3.000000,26.000000,1027.000000
2025-05-13T09:53:38.024,176774,0,-7.000000,40.000000,1027.000000
2025-05-13T09:53:38.024,176775,0,-3.000000,43.000000,999.000000
2025-05-13T09:53:38.025,176776,0,-3.000000,43.000000,969.000000
2025-05-13T09:53:38.025,176777,0,43.000000,18.000000,975.000000
2025-05-13T09:53:38.026,176778,0,43.000000,26.000000,973.000000
2025-05-13T09:53:38.026,176779,0,-3.000000,26.000000,973.000000
2025-05-13T09:53:38.026,176780,0,-5.000000,43.000000,1023.000000
2025-05-13T09:53:38.027,176781,0,-5.000000,43.000000,1000.000000
2025-05-13T09:53:38.027,176782,0,32.000000,39.000000,1000.000000
2025-05-13T09:53:38.028,176783,0,32.000000,43.000000,974.000000
2025-05-13T09:53:38.028,176784,0,39.000000,43.000000,974.000000
2025-05-13T09:53:38.028,176785,0,-1.000000,18.000000,1019.000000
2025-05-13T09:53:38.029,176786,0,-1.000000,18.000000,1017.000000
2025-05-13T09:53:38.029,176787,0,-2.000000,45.000000,1017.000000
2025-05-13T09:53:38.029,176788,0,-1.000000,38.000000,1019.000000
2025-05-13T09:53:38.030,176789,0,-1.000000,38.000000,1019.000000
2025-05-13T09:53:38.030,176790,0,36.000000,44.000000,979.000000
2025-05-13T09:53:38.031,176791,0,36.000000,30.000000,976.000000
2025-05-13T09:53:38.031,176792,0,-4.000000,30.000000,976.000000
2025-05-13T09:53:38.031,176793,0,0.000000,40.000000,1001.000000
2025-05-13T09:53:38.032,176794,0,0.000000,40.000000,1028.000000
2025-05-13T09:53:38.032,176795,0,32.000000,44.000000,1028.000000
2025-05-13T09:53:38.033,176796,0,32.000000,18.000000,972.000000
2025-05-13T09:53:38.033,176797,0,43.000000,18.000000,972.000000
2025-05-13T09:53:38.033,176798,0,-5.000000,21.000000,1016.000000
2025-05-13T09:53:38.034,176799,0,-5.000000,21.000000,979.000000
2025-05-13T09:53:38.034,176800,0,-10.000000,18.000000,979.000000
2025-05-13T09:53:38.034,176801,0,-3.000000,39.000000,1017.000000
2025-05-13T09:53:38.035,176802,0,-3.000000,39.000000,1017.000000
2025-05-13T09:53:38.035,176803,0,38.000000,44.000000,1016.000000
2025-05-13T09:53:38.036,176804,0,38.000000,24.000000,978.000000
2025-05-13T09:53:38.036,176805,0,-7.000000,24.000000,978.000000
2025-05-13T09:53:38.036,176806,0,-7.000000,25.000000,1004.000000
2025-05-13T09:53:38.037,176807,0,-7.000000,25.000000,1002.000000
2025-05-13T09:53:38.037,176808,0,-4.000000,21.000000,1002.000000
2025-05-13T09:53:38.038,176809,0,-4.000000,45.000000,971.000000
2025-05-13T09:53:38.038,176810,0,40.000000,45.000000,971.000000
2025-05-13T09:53:38.038,176811,0,-5.000000,19.000000,1016.000000
2025-05-13T09:53:38.039,176812,0,-5.000000,19.000000,979.000000
2025-05-13T09:53:38.039,176813,0,32.000000,24.000000,979.000000
2025-05-13T09:53:38.040,176814,0,36.000000,18.000000,1017.000000
2025-05-13T09:53:38.040,176815,0,36.000000,18.000000,1017.000000
2025-05-13T09:53:38.040,176816,0,39.000000,18.000000,1022.000000
2025-05-13T09:53:38.041,176817,0,39.000000,29.000000,982.000000
2025-05-13T09:53:38.041,176818,0,-3.000000,29.000000,982.000000
2025-05-13T09:53:38.042,176819,0,-5.000000,18.000000,1001.000000
2025-05-13T09:53:38.042,176820,0,-5.000000,18.000000,1027.000000
2025-05-13T09:53:38.042,176821,0,-6.000000,21.000000,1027.000000
2025-05-13T09:53:38.043,176822,0,-6.000000,22.000000,975.000000
2025-05-13T09:53:38.043,176823,0,36.000000,22.000000,975.000000
2025-05-13T09:53:38.043,176824,0,-13.000000,26.000000,1013.000000
2025-05-13T09:53:38.044,176825,0,-13.000000,26.000000,982.000000
2025-05-13T09:53:38.044,176826,0,0.000000,17.000000,982.000000
2025-05-13T09:53:38.045,176827,0,-7.000000,42.000000,1019.000000
2025-05-13T09:53:38.045,176828,0,-7.000000,42.000000,1019.000000
2025-05-13T09:53:38.045,176829,0,34.000000,42.000000,1018.000000
2025-05-13T09:53:38.046,176830,0,34.000000,26.000000,997.000000
2025-05-13T09:53:38.046,176831,0,-6.000000,26.000000,997.000000
2025-05-13T09:53:38.047,176832,0,-4.000000,17.000000,1005.000000
2025-05-13T09:53:38.047,176833,0,-4.000000,17.000000,1027.000000
2025-05-13T09:53:38.047,176834,0,-4.000000,39.000000,1027.000000
2025-05-13T09:53:38.048,176835,0,-4.000000,42.000000,970.000000
2025-05-13T09:53:38.048,176836,0,42.000000,42.000000,970.000000
2025-05-13T09:53:38.049,176837,0,-7.000000,43.000000,977.000000
2025-05-13T09:53:38.049,176838,0,-7.000000,43.000000,1023.000000
2025-05-13T09:53:38.049,176839,0,-5.000000,23.000000,1023.000000
2025-05-13T09:53:38.050,176840,0,34.000000,45.000000,1023.000000
2025-05-13T09:53:38.050,176841,0,34.000000,45.000000,1023.000000
2025-05-13T09:53:38.051,176842,0,43.000000,22.000000,1019.000000
2025-05-13T09:53:38.051,176843,0,43.000000,23.000000,974.000000
2025-05-13T09:53:38.051,176844,0,-1.000000,23.000000,974.000000
2025-05-13T09:53:38.052,176845,0,-11.000000,20.000000,1005.000000
2025-05-13T09:53:38.052,176846,0,-11.000000,20.000000,1001.000000
2025-05-13T09:53:38.052,176847,0,0.000000,16.000000,1001.000000
2025-05-13T09:53:38.053,176848,0,0.000000,16.000000,973.000000
2025-05-13T09:53:38.053,176849,0,43.000000,16.000000,973.000000
2025-05-13T09:53:38.054,176850,0,-10.000000,24.000000,976.000000
2025-05-13T09:53:38.054,176851,0,-10.000000,24.000000,1001.000000
2025-05-13T09:53:38.054,176852,0,36.000000,22.000000,1001.000000
2025-05-13T09:53:38.055,176853,0,31.000000,23.000000,1024.000000
2025-05-13T09:53:38.055,176854,0,31.000000,23.000000,1024.000000
2025-05-13T09:53:38.056,176855,0,-2.000000,44.000000,1016.000000
2025-05-13T09:53:38.056,176856,0,-2.000000,17.000000,978.000000
2025-05-13T09:53:38.056,176857,0,-14.000000,17.000000,978.000000
2025-05-13T09:53:38.057,176858,0,-12.000000,25.000000,1005.000000
2025-05-13T09:53:38.057,176859,0,-12.000000,25.000000,1020.000000
2025-05-13T09:53:38.058,176860,0,-2.000000,40.000000,1020.000000
2025-05-13T09:53:38.058,176861,0,-2.000000,44.000000,1019.000000
2025-05-13T09:53:38.058,176862,0,0.000000,44.000000,1019.000000
2025-05-13T09:53:38.059,176863,0,-9.000000,41.000000,981.000000
2025-05-13T09:53:38.059,176864,0,-9.000000,41.000000,1009.000000
2025-05-13T09:53:38.059,176865,0,32.000000,21.000000,1009.000000
2025-05-13T09:53:38.060,176866,0,-2.000000,39.000000,1023.000000
2025-05-13T09:53:38.060,176867,0,-2.000000,39.000000,1023.000000
2025-05-13T09:53:38.061,176868,0,36.000000,16.000000,978.000000
2025-05-13T09:53:38.061,176869,0,36.000000,44.000000,981.000000
2025-05-13T09:53:38.062,176870,0,-8.000000,44.000000,981.000000
2025-05-13T09:53:38.062,176871,0,-14.000000,25.000000,1006.000000
2025-05-13T09:53:38.062,176872,0,-14.000000,25.000000,999.000000
2025-05-13T09:53:38.063,176873,0,34.000000,37.000000,999.000000
2025-05-13T09:53:38.063,176874,0,34.000000,44.000000,1014.000000
2025-05-13T09:53:38.063,176875,0,31.000000,44.000000,1014.000000
2025-05-13T09:53:38.064,176876,0,-7.000000,19.000000,982.000000
2025-05-13T09:53:38.064,176877,0,-7.000000,19.000000,1027.000000
2025-05-13T09:53:38.065,176878,0,-12.000000,42.000000,1027.000000
2025-05-13T09:53:38.065,176879,0,-4.000000,16.000000,1014.000000
2025-05-13T09:53:38.065,176880,0,-4.000000,16.000000,1014.000000
2025-05-13T09:53:38.066,176881,0,-2.000000,44.000000,981.000000
2025-05-13T09:53:38.066,176882,0,-2.000000,17.000000,1014.000000
2025-05-13T09:53:38.066,176883,0,-4.000000,17.000000,1014.000000
2025-05-13T09:53:38.067,176884,0,-7.000000,23.000000,1012.000000
2025-05-13T09:53:38.067,176885,0,-7.000000,23.000000,1027.000000
2025-05-13T09:53:38.068,176886,0,44.000000,44.000000,1027.000000
2025-05-13T09:53:38.068,176887,0,44.000000,15.000000,1020.000000
2025-05-13T09:53:38.068,176888,0,34.000000,15.000000,1020.000000
2025-05-13T09:53:38.069,176889,0,-15.000000,30.000000,1017.000000
2025-05-13T09:53:38.069,176890,0,-15.000000,30.000000,1004.000000
2025-05-13T09:53:38.070,176891,0,-9.000000,43.000000,1004.000000
2025-05-13T09:53:38.070,176892,0,32.000000,22.000000,999.000000
2025-05-13T09:53:38.070,176893,0,32.000000,22.000000,999.000000
2025-05-13T09:53:38.071,176894,0,-8.000000,17.000000,1023.000000
2025-05-13T09:53:38.071,176895,0,-8.000000,25.000000,1017.000000
2025-05-13T09:53:38.072,176896,0,-6.000000,25.000000,1017.000000
2025-05-13T09:53:38.072,176897,0,-8.000000,21.000000,1023.000000
2025-05-13T09:53:38.072,176898,0,-8.000000,21.000000,1026.000000
2025-05-13T09:53:38.073,176899,0,-3.000000,36.000000,1026.000000
2025-05-13T09:53:38.073,176900,0,-3.000000,21.000000,989.000000
2025-05-13T09:53:38.073,176901,0,0.000000,21.000000,989.000000
2025-05-13T09:53:38.074,176902,0,-9.000000,25.000000,975.000000
2025-05-13T09:53:38.074,176903,0,-9.000000,25.000000,1003.000000
2025-05-13T09:53:38.075,176904,0,15.000000,18.000000,1003.000000
2025-05-13T09:53:38.075,176905,0,36.000000,44.000000,1017.000000
2025-05-13T09:53:38.075,176906,0,36.000000,44.000000,1017.000000
2025-05-13T09:53:38.076,176907,0,-4.000000,39.000000,982.000000
2025-05-13T09:53:38.076,176908,0,-4.000000,43.000000,1022.000000
2025-05-13T09:53:38.077,176909,0,-11.000000,43.000000,1022.000000
2025-05-13T09:53:38.077,176910,0,-6.000000,16.000000,1022.000000
2025-05-13T09:53:38.077,176911,0,-6.000000,16.000000,1000.000000
2025-05-13T09:53:38.078,176912,0,35.000000,39.000000,1000.000000
2025-05-13T09:53:38.078,176913,0,35.000000,20.000000,974.000000
2025-05-13T09:53:38.079,176914,0,33.000000,20.000000,974.000000
2025-05-13T09:53:38.079,176915,0,-6.000000,22.000000,1016.000000
2025-05-13T09:53:38.079,176916,0,-6.000000,22.000000,998.000000
2025-05-13T09:53:38.080,176917,0,-12.000000,18.000000,998.000000
2025-05-13T09:53:38.080,176918,0,42.000000,33.000000,1006.000000
2025-05-13T09:53:38.081,176919,0,42.000000,33.000000,1006.000000
2025-05-13T09:53:38.081,176920,0,33.000000,16.000000,1019.000000
2025-05-13T09:53:38.081,176921,0,33.000000,25.000000,1024.000000
2025-05-13T09:53:38.082,176922,0,-10.000000,25.000000,1024.000000
2025-05-13T09:53:38.082,176923,0,34.000000,19.000000,1023.000000
2025-05-13T09:53:38.082,176924,0,34.000000,19.000000,1015.000000
2025-05-13T09:53:38.083,176925,0,-3.000000,45.000000,1015.000000
2025-05-13T09:53:38.083,176926,0,-3.000000,16.000000,968.000000
2025-05-13T09:53:38.084,176927,0,-4.000000,16.000000,968.000000
2025-05-13T09:53:38.084,176928,0,-12.000000,26.000000,1017.000000
2025-05-13T09:53:38.084,176929,0,-12.000000,26.000000,1003.000000
2025-05-13T09:53:38.085,176930,0,-2.000000,15.000000,1003.000000
2025-05-13T09:53:38.085,176931,0,45.000000,35.000000,1027.000000
2025-05-13T09:53:38.086,176932,0,45.000000,35.000000,1027.000000
2025-05-13T09:53:38.086,176933,0,33.000000,18.000000,1016.000000
2025-05-13T09:53:38.086,176934,0,33.000000,25.000000,979.000000
2025-05-13T09:53:38.087,176935,0,-4.000000,25.000000,979.000000
2025-05-13T09:53:38.087,176936,0,-8.000000,21.000000,1022.000000
2025-05-13T09:53:38.088,176937,0,-8.000000,21.000000,980.000000
2025-05-13T09:53:38.088,176938,0,-6.000000,41.000000,980.000000
2025-05-13T09:53:38.088,176939,0,-6.000000,17.000000,975.000000
2025-05-13T09:53:38.089,176940,0,33.000000,17.000000,975.000000
2025-05-13T09:53:38.089,176941,0,13.000000,18.000000,1017.000000
2025-05-13T09:53:38.090,176942,0,13.000000,18.000000,1007.000000
2025-05-13T09:53:38.090,176943,0,-5.000000,15.000000,1007.000000
2025-05-13T09:53:38.090,176944,0,0.000000,41.000000,1019.000000
2025-05-13T09:53:38.091,176945,0,0.000000,41.000000,1019.000000
2025-05-13T09:53:38.091,176946,0,33.000000,25.000000,968.000000
2025-05-13T09:53:38.091,176947,0,33.000000,16.000000,977.000000
2025-05-13T09:53:38.092,176948,0,-13.000000,16.000000,977.000000
2025-05-13T09:53:38.092,176949,0,-2.000000,17.000000,1022.000000
2025-05-13T09:53:38.093,176950,0,-2.000000,17.000000,979.000000
2025-05-13T09:53:38.093,176951,0,-5.000000,44.000000,979.000000
2025-05-13T09:53:38.093,176952,0,-5.000000,18.000000,978.000000
2025-05-13T09:53:38.094,176953,0,-4.000000,18.000000,978.000000
2025-05-13T09:53:38.094,176954,0,9.000000,22.000000,980.000000
2025-05-13T09:53:38.095,176955,0,9.000000,22.000000,1012.000000
2025-05-13T09:53:38.095,176956,0,-6.000000,44.000000,1012.000000
2025-05-13T09:53:38.095,176957,0,-5.000000,44.000000,1026.000000
2025-05-13T09:53:38.096,176958,0,-5.000000,44.000000,1026.000000
2025-05-13T09:53:38.096,176959,0,31.000000,15.000000,976.000000
2025-05-13T09:53:38.097,176960,0,31.000000,25.000000,1017.000000
2025-05-13T09:53:38.097,176961,0,12.000000,25.000000,1017.000000
2025-05-13T09:53:38.097,176962,0,-9.000000,22.000000,1026.000000
2025-05-13T09:53:38.098,176963,0,-9.000000,22.000000,1028.000000
2025-05-13T09:53:38.098,176964,0,-1.000000,41.000000,1028.000000
2025-05-13T09:53:38.098,176965,0,-1.000000,42.000000,971.000000
2025-05-13T09:53:38.099,176966,0,-4.000000,42.000000,971.000000
2025-05-13T09:53:38.099,176967,0,-6.000000,26.000000,1025.000000
2025-05-13T09:53:38.100,176968,0,-6.000000,26.000000,1028.000000
2025-05-13T09:53:38.100,176969,0,-13.000000,42.000000,1028.000000
2025-05-13T09:53:38.100,176970,0,39.000000,41.000000,1016.000000
2025-05-13T09:53:38.101,176971,0,39.000000,41.000000,1016.000000
2025-05-13T09:53:38.101,176972,0,-6.000000,23.000000,984.000000
2025-05-13T09:53:38.102,176973,0,-6.000000,21.000000,981.000000
2025-05-13T09:53:38.102,176974,0,14.000000,21.000000,981.000000
2025-05-13T09:53:38.102,176975,0,-4.000000,18.000000,1011.000000
2025-05-13T09:53:38.103,176976,0,-4.000000,18.000000,981.000000
2025-05-13T09:53:38.103,176977,0,34.000000,23.000000,981.000000
2025-05-13T09:53:38.104,176978,0,34.000000,22.000000,974.000000
2025-05-13T09:53:38.104,176979,0,0.000000,22.000000,974.000000
2025-05-13T09:53:38.104,176980,0,-15.000000,26.000000,1015.000000
2025-05-13T09:53:38.105,176981,0,-15.000000,26.000000,999.000000
2025-05-13T09:53:38.105,176982,0,-2.000000,38.000000,999.000000
2025-05-13T09:53:38.106,176983,0,-3.000000,16.000000,1017.000000
2025-05-13T09:53:38.106,176984,0,-3.000000,16.000000,1017.000000
2025-05-13T09:53:38.106,176985,0,-1.000000,19.000000,997.000000
2025-05-13T09:53:38.107,176986,0,-1.000000,43.000000,1021.000000
2025-05-13T09:53:38.107,176987,0,13.000000,43.000000,1021.000000
2025-05-13T09:53:38.107,176988,0,-1.000000,16.000000,1001.000000
2025-05-13T09:53:38.108,176989,0,-1.000000,16.000000,1001.000000
2025-05-13T09:53:38.108,176990,0,36.000000,42.000000,1019.000000
2025-05-13T09:53:38.109,176991,0,36.000000,22.000000,968.000000
2025-05-13T09:53:38.109,176992,0,-9.000000,22.000000,968.000000
2025-05-13T09:53:38.109,176993,0,-5.000000,24.000000,1000.000000
2025-05-13T09:53:38.110,176994,0,-5.000000,24.000000,982.000000
2025-05-13T09:53:38.110,176995,0,32.000000,42.000000,982.000000
2025-05-13T09:53:38.111,176996,0,32.000000,15.000000,1017.000000
2025-05-13T09:53:38.111,176997,0,31.000000,15.000000,1017.000000
2025-05-13T09:53:38.111,176998,0,33.000000,18.000000,976.000000
2025-05-13T09:53:38.112,176999,0,33.000000,18.000000,1017.000000
2025-05-13T09:53:38.112,177000,0,-12.000000,45.000000,1017.000000
2025-05-13T09:53:38.112,177001,0,-8.000000,38.000000,1003.000000
2025-05-13T09:53:38.113,177002,0,-8.000000,38.000000,972.000000
2025-05-13T09:53:38.113,177003,0,42.000000,43.000000,975.000000
2025-05-13T09:53:38.114,177004,0,42.000000,21.000000,980.000000
2025-05-13T09:53:38.114,177005,0,0.000000,21.000000,980.000000
2025-05-13T09:53:38.114,177006,0,8.000000,15.000000,1023.000000
2025-05-13T09:53:38.115,177007,0,8.000000,15.000000,1010.000000
2025-05-13T09:53:38.115,177008,0,30.000000,35.000000,1010.000000
2025-05-13T09:53:38.116,177009,0,0.000000,39.000000,1015.000000
2025-05-13T09:53:38.116,177010,0,-6.000000,39.000000,1015.000000
2025-05-13T09:53:38.116,177011,0,33.000000,17.000000,1020.000000
2025-05-13T09:53:38.117,177012,0,33.000000,17.000000,1022.000000
2025-05-13T09:53:38.117,177013,0,-5.000000,44.000000,1022.000000
2025-05-13T09:53:38.118,177014,0,34.000000,19.000000,1025.000000
2025-05-13T09:53:38.118,177015,0,34.000000,19.000000,1025.000000
2025-05-13T09:53:38.118,177016,0,36.000000,40.000000,1014.000000
2025-05-13T09:53:38.119,177017,0,36.000000,18.000000,1014.000000
2025-05-13T09:53:38.119,177018,0,-11.000000,18.000000,1014.000000
2025-05-13T09:53:38.120,177019,0,14.000000,15.000000,1017.000000
2025-05-13T09:53:38.120,177020,0,14.000000,15.000000,1010.000000
2025-05-13T09:53:38.120,177021,0,-1.000000,44.000000,1010.000000
2025-05-13T09:53:38.121,177022,0,29.000000,19.000000,1014.000000
2025-05-13T09:53:38.121,177023,0,37.000000,19.000000,1014.000000
2025-05-13T09:53:38.121,177024,0,32.000000,18.000000,980.000000
2025-05-13T09:53:38.122,177025,0,32.000000,18.000000,1024.000000
2025-05-13T09:53:38.122,177026,0,-2.000000,44.000000,1024.000000
2025-05-13T09:53:38.123,177027,0,33.000000,41.000000,1021.000000
2025-05-13T09:53:38.123,177028,0,33.000000,41.000000,1021.000000
2025-05-13T09:53:38.123,177029,0,33.000000,17.000000,1017.000000
2025-05-13T09:53:38.124,177030,0,33.000000,27.000000,982.000000
2025-05-13T09:53:38.124,177031,0,-7.000000,27.000000,982.000000
2025-05-13T09:53:38.125,177032,0,-8.000000,43.000000,1008.000000
2025-05-13T09:53:38.125,177033,0,-8.000000,43.000000,1025.000000
2025-05-13T09:53:38.125,177034,0,0.000000,18.000000,1025.000000
2025-05-13T09:53:38.126,177035,0,0.000000,19.000000,1014.000000
2025-05-13T09:53:38.126,177036,0,34.000000,19.000000,1014.000000
2025-05-13T09:53:38.127,177037,0,14.000000,66.000000,977.000000
2025-05-13T09:53:38.127,177038,0,14.000000,66.000000,999.000000
2025-05-13T09:53:38.127,177039,0,-13.000000,45.000000,999.000000
2025-05-13T09:53:38.128,177040,0,-2.000000,39.000000,1014.000000
2025-05-13T09:53:38.128,177041,0,-2.000000,39.000000,1014.000000
2025-05-13T09:53:38.128,177042,0,35.000000,17.000000,982.000000
2025-05-13T09:53:38.129,177043,0,35.000000,23.000000,1016.000000
2025-05-13T09:53:38.129,177044,0,37.000000,23.000000,1016.000000
2025-05-13T09:53:38.130,177045,0,14.000000,22.000000,1009.000000
2025-05-13T09:53:38.130,177046,0,14.000000,22.000000,999.000000
2025-05-13T09:53:38.130,177047,0,42.000000,34.000000,999.000000
2025-05-13T09:53:38.131,177048,0,42.000000,38.000000,979.000000
2025-05-13T09:53:38.131,177049,0,-1.000000,38.000000,979.000000
2025-05-13T09:53:38.132,177050,0,-2.000000,23.000000,1013.000000
2025-05-13T09:53:38.132,177051,0,-2.000000,23.000000,1012.000000
2025-05-13T09:53:38.132,177052,0,-13.000000,44.000000,1012.000000
2025-05-13T09:53:38.133,177053,0,33.000000,42.000000,1021.000000
2025-05-13T09:53:38.133,177054,0,33.000000,42.000000,1021.000000
2025-05-13T09:53:38.134,177055,0,-5.000000,43.000000,1013.000000
2025-05-13T09:53:38.134,177056,0,-5.000000,15.000000,1016.000000
2025-05-13T09:53:38.134,177057,0,0.000000,15.000000,1016.000000
2025-05-13T09:53:38.135,177058,0,-8.000000,36.000000,1022.000000
2025-05-13T09:53:38.135,177059,0,-8.000000,36.000000,1000.000000
2025-05-13T09:53:38.136,177060,0,31.000000,42.000000,1000.000000
2025-05-13T09:53:38.136,177061,0,31.000000,43.000000,972.000000
2025-05-13T09:53:38.136,177062,0,32.000000,43.000000,972.000000
2025-05-13T09:53:38.137,177063,0,-10.000000,17.000000,1014.000000
2025-05-13T09:53:38.137,177064,0,-10.000000,17.000000,1020.000000
2025-05-13T09:53:38.137,177065,0,31.000000,23.000000,1020.000000
2025-05-13T09:53:38.138,177066,0,42.000000,36.000000,1026.000000
2025-05-13T09:53:38.138,177067,0,42.000000,36.000000,1026.000000
2025-05-13T09:53:38.139,177068,0,-1.000000,26.000000,997.000000
2025-05-13T09:53:38.139,177069,0,-1.000000,21.000000,1014.000000
2025-05-13T09:53:38.139,177070,0,-2.000000,21.000000,1014.000000
2025-05-13T09:53:38.140,177071,0,0.000000,18.000000,1027.000000
2025-05-13T09:53:38.140,177072,0,0.000000,18.000000,1017.000000
2025-05-13T09:53:38.141,177073,0,35.000000,43.000000,1017.000000
2025-05-13T09:53:38.141,177074,0,35.000000,24.000000,1024.000000
2025-05-13T09:53:38.141,177075,0,34.000000,24.000000,1024.000000
2025-05-13T09:53:38.142,177076,0,14.000000,29.000000,979.000000
2025-05-13T09:53:38.142,177077,0,14.000000,29.000000,1011.000000
2025-05-13T09:53:38.143,177078,0,-9.000000,43.000000,1011.000000
2025-05-13T09:53:38.143,177079,0,-2.000000,42.000000,979.000000
2025-05-13T09:53:38.143,177080,0,-2.000000,42.000000,979.000000
2025-05-13T09:53:38.144,177081,0,35.000000,15.000000,994.000000
2025-05-13T09:53:38.144,177082,0,35.000000,20.000000,980.000000
2025-05-13T09:53:38.145,177083,0,-12.000000,20.000000,980.000000
2025-05-13T09:53:38.145,177084,0,-6.000000,44.000000,982.000000
2025-05-13T09:53:38.145,177085,0,-6.000000,44.000000,1015.000000
2025-05-13T09:53:38.146,177086,0,34.000000,44.000000,1015.000000
2025-05-13T09:53:38.146,177087,0,34.000000,16.000000,981.000000
2025-05-13T09:53:38.146,177088,0,-2.000000,16.000000,981.000000
2025-05-13T09:53:38.147,177089,0,34.000000,18.000000,1021.000000
2025-05-13T09:53:38.147,177090,0,34.000000,18.000000,1008.000000
2025-05-13T09:53:38.148,177091,0,-14.000000,41.000000,1008.000000
2025-05-13T09:53:38.148,177092,0,15.000000,43.000000,978.000000
2025-05-13T09:53:38.148,177093,0,15.000000,43.000000,978.000000
2025-05-13T09:53:38.149,177094,0,-1.000000,40.000000,968.000000
2025-05-13T09:53:38.149,177095,0,-1.000000,61.000000,1017.000000
2025-05-13T09:53:38.150,177096,0,-11.000000,61.000000,1017.000000
2025-05-13T09:53:38.150,177097,0,33.000000,43.000000,1005.000000
2025-05-13T09:53:38.150,177098,0,33.000000,43.000000,1023.000000
2025-05-13T09:53:38.151,177099,0,33.000000,39.000000,1023.000000
2025-05-13T09:53:38.151,177100,0,33.000000,15.000000,980.000000
2025-05-13T09:53:38.152,177101,0,-9.000000,15.000000,980.000000
2025-05-13T09:53:38.152,177102,0,-5.000000,23.000000,1013.000000
2025-05-13T09:53:38.152,177103,0,-5.000000,23.000000,1025.000000
2025-05-13T09:53:38.153,177104,0,32.000000,43.000000,1025.000000
2025-05-13T09:53:38.153,177105,0,41.000000,42.000000,1027.000000
2025-05-13T09:53:38.153,177106,0,41.000000,42.000000,1027.000000
2025-05-13T09:53:38.154,177107,0,34.000000,23.000000,992.000000
2025-05-13T09:53:38.154,177108,0,34.000000,18.000000,1018.000000
2025-05-13T09:53:38.155,177109,0,-8.000000,18.000000,1018.000000
2025-05-13T09:53:38.155,177110,0,-6.000000,39.000000,1046.000000
2025-05-13T09:53:38.155,177111,0,-6.000000,39.000000,979.000000
2025-05-13T09:53:38.156,177112,0,41.000000,44.000000,979.000000
2025-05-13T09:53:38.156,177113,0,41.000000,21.000000,1014.000000
2025-05-13T09:53:38.157,177114,0,36.000000,21.000000,1014.000000
2025-05-13T09:53:38.157,177115,0,-11.000000,18.000000,1019.000000
2025-05-13T09:53:38.157,177116,0,-11.000000,18.000000,1025.000000
2025-05-13T09:53:38.158,177117,0,31.000000,42.000000,1025.000000
2025-05-13T09:53:38.158,177118,0,0.000000,41.000000,1015.000000
2025-05-13T09:53:38.159,177119,0,0.000000,41.000000,1015.000000
2025-05-13T09:53:38.159,177120,0,-1.000000,22.000000,995.000000
2025-05-13T09:53:38.159,177121,0,-1.000000,41.000000,980.000000
2025-05-13T09:53:38.160,177122,0,12.000000,41.000000,980.000000
2025-05-13T09:53:38.160,177123,0,-4.000000,18.000000,1004.000000
2025-05-13T09:53:38.160,177124,0,-4.000000,18.000000,1026.000000
2025-05-13T09:53:38.161,177125,0,17.000000,41.000000,1026.000000
2025-05-13T09:53:38.161,177126,0,17.000000,24.000000,1017.000000
2025-05-13T09:53:38.162,177127,0,36.000000,24.000000,1017.000000
2025-05-13T09:53:38.162,177128,0,-1.000000,19.000000,1024.000000
2025-05-13T09:53:38.164,177129,0,-1.000000,19.000000,1011.000000
2025-05-13T09:53:38.173,177130,0,31.000000,20.000000,1011.000000
2025-05-13T09:53:38.173,177131,0,31.000000,17.000000,1019.000000
2025-05-13T09:53:38.173,177132,0,31.000000,17.000000,1019.000000
2025-05-13T09:53:38.173,177133,0,36.000000,22.000000,1019.000000
2025-05-13T09:53:38.173,177134,0,36.000000,19.000000,1026.000000
2025-05-13T09:53:38.173,177135,0,11.000000,19.000000,1026.000000
2025-05-13T09:53:38.173,177136,0,34.000000,36.000000,1044.000000
2025-05-13T09:53:38.173,177137,0,34.000000,36.000000,1013.000000
2025-05-13T09:53:38.174,177138,0,43.000000,37.000000,1020.000000
2025-05-13T09:53:38.174,177139,0,43.000000,25.000000,967.000000
2025-05-13T09:53:38.174,177140,0,33.000000,25.000000,967.000000
2025-05-13T09:53:38.174,177141,0,-1.000000,16.000000,1022.000000
2025-05-13T09:53:38.175,177142,0,-1.000000,16.000000,1000.000000
2025-05-13T09:53:38.175,177143,0,-3.000000,20.000000,1000.000000
2025-05-13T09:53:38.175,177144,0,27.000000,42.000000,1023.000000
2025-05-13T09:53:38.175,177145,0,39.000000,42.000000,1023.000000
2025-05-13T09:53:38.175,177146,0,0.000000,15.000000,972.000000
2025-05-13T09:53:38.175,177147,0,0.000000,15.000000,1019.000000
2025-05-13T09:53:38.175,177148,0,-7.000000,22.000000,1019.000000
2025-05-13T09:53:38.175,177149,0,-1.000000,42.000000,1053.000000
2025-05-13T09:53:38.175,177150,0,-1.000000,42.000000,1022.000000
2025-05-13T09:53:38.176,177151,0,39.000000,20.000000,1010.000000
2025-05-13T09:53:38.176,177152,0,39.000000,22.000000,976.000000
2025-05-13T09:53:38.176,177153,0,-11.000000,22.000000,976.000000
2025-05-13T09:53:38.176,177154,0,13.000000,15.000000,1000.000000
2025-05-13T09:53:38.176,177155,0,13.000000,15.000000,1027.000000
2025-05-13T09:53:38.176,177156,0,-5.000000,43.000000,1027.000000
2025-05-13T09:53:38.176,177157,0,25.000000,18.000000,1026.000000
2025-05-13T09:53:38.176,177158,0,31.000000,18.000000,1026.000000
2025-05-13T09:53:38.176,177159,0,-5.000000,17.000000,1025.000000
2025-05-13T09:53:38.176,177160,0,-5.000000,17.000000,1027.000000
2025-05-13T09:53:38.176,177161,0,-3.000000,43.000000,1027.000000
2025-05-13T09:53:38.177,177162,0,-1.000000,39.000000,1006.000000
2025-05-13T09:53:38.178,177163,0,-1.000000,39.000000,976.000000
2025-05-13T09:53:38.178,177164,0,42.000000,42.000000,982.000000
2025-05-13T09:53:38.178,177165,0,42.000000,20.000000,977.000000
2025-05-13T09:53:38.179,177166,0,37.000000,20.000000,977.000000
2025-05-13T09:53:38.179,177167,0,-9.000000,45.000000,1019.000000
2025-05-13T09:53:38.179,177168,0,-9.000000,45.000000,1003.000000
2025-05-13T09:53:38.180,177169,0,39.000000,44.000000,1003.000000
2025-05-13T09:53:38.180,177170,0,8.000000,16.000000,979.000000
2025-05-13T09:53:38.180,177171,0,-1.000000,16.000000,979.000000
2025-05-13T09:53:38.180,177172,0,34.000000,19.000000,981.000000
2025-05-13T09:53:38.180,177173,0,34.000000,19.000000,982.000000
2025-05-13T09:53:38.180,177174,0,-1.000000,21.000000,982.000000
2025-05-13T09:53:38.180,177175,0,-2.000000,24.000000,1003.000000
2025-05-13T09:53:38.181,177176,0,-2.000000,24.000000,1003.000000
2025-05-13T09:53:38.182,177177,0,40.000000,24.000000,1015.000000
2025-05-13T09:53:38.182,177178,0,40.000000,20.000000,978.000000
2025-05-13T09:53:38.182,177179,0,-8.000000,20.000000,978.000000
2025-05-13T09:53:38.182,177180,0,-6.000000,43.000000,999.000000
2025-05-13T09:53:38.183,177181,0,-6.000000,43.000000,1001.000000
2025-05-13T09:53:38.183,177182,0,32.000000,45.000000,1001.000000
2025-05-13T09:53:38.184,177183,0,32.000000,18.000000,994.000000
2025-05-13T09:53:38.184,177184,0,37.000000,18.000000,994.000000
2025-05-13T09:53:38.184,177185,0,-11.000000,17.000000,981.000000
2025-05-13T09:53:38.185,177186,0,-11.000000,17.000000,1017.000000
2025-05-13T09:53:38.185,177187,0,-8.000000,20.000000,1017.000000
2025-05-13T09:53:38.186,177188,0,0.000000,44.000000,1023.000000
2025-05-13T09:53:38.186,177189,0,0.000000,44.000000,1023.000000
2025-05-13T09:53:38.186,177190,0,41.000000,18.000000,1017.000000
2025-05-13T09:53:38.188,177191,0,41.000000,42.000000,1016.000000
2025-05-13T09:53:38.188,177192,0,-8.000000,42.000000,1016.000000
2025-05-13T09:53:38.188,177193,0,-11.000000,18.000000,1001.000000
2025-05-13T09:53:38.188,177194,0,-11.000000,18.000000,1014.000000
2025-05-13T09:53:38.188,177195,0,34.000000,40.000000,1014.000000
2025-05-13T09:53:38.189,177196,0,34.000000,21.000000,980.000000
2025-05-13T09:53:38.189,177197,0,37.000000,21.000000,980.000000
2025-05-13T09:53:38.190,177198,0,-9.000000,27.000000,1013.000000
2025-05-13T09:53:38.190,177199,0,-9.000000,27.000000,1009.000000
2025-05-13T09:53:38.190,177200,0,-4.000000,21.000000,1009.000000
2025-05-13T09:53:38.191,177201,0,-2.000000,18.000000,1014.000000
2025-05-13T09:53:38.191,177202,0,-2.000000,18.000000,1014.000000
2025-05-13T09:53:38.191,177203,0,38.000000,21.000000,1015.000000
2025-05-13T09:53:38.192,177204,0,38.000000,45.000000,982.000000
2025-05-13T09:53:38.192,177205,0,-3.000000,45.000000,982.000000
2025-05-13T09:53:38.193,177206,0,-11.000000,17.000000,1005.000000
2025-05-13T09:53:38.193,177207,0,-11.000000,17.000000,1024.000000
2025-05-13T09:53:38.193,177208,0,32.000000,40.000000,1024.000000
2025-05-13T09:53:38.194,177209,0,32.000000,26.000000,976.000000
2025-05-13T09:53:38.194,177210,0,38.000000,26.000000,976.000000
2025-05-13T09:53:38.195,177211,0,-12.000000,19.000000,998.000000
2025-05-13T09:53:38.195,177212,0,-12.000000,19.000000,999.000000
2025-05-13T09:53:38.198,177213,0,0.000000,24.000000,999.000000
2025-05-13T09:53:38.198,177214,0,33.000000,15.000000,1020.000000
2025-05-13T09:53:38.198,177215,0,33.000000,15.000000,1020.000000
2025-05-13T09:53:38.198,177216,0,35.000000,24.000000,1021.000000
2025-05-13T09:53:38.199,177217,0,35.000000,22.000000,1016.000000
2025-05-13T09:53:38.199,177218,0,-15.000000,22.000000,1016.000000
2025-05-13T09:53:38.199,177219,0,-14.000000,27.000000,1018.000000
2025-05-13T09:53:38.199,177220,0,-14.000000,27.000000,1024.000000
2025-05-13T09:53:38.199,177221,0,0.000000,40.000000,1024.000000
2025-05-13T09:53:38.199,177222,0,0.000000,41.000000,969.000000
2025-05-13T09:53:38.199,177223,0,0.000000,41.000000,969.000000
2025-05-13T09:53:38.199,177224,0,-5.000000,17.000000,1023.000000
2025-05-13T09:53:38.200,177225,0,-5.000000,17.000000,1010.000000
2025-05-13T09:53:38.200,177226,0,-9.000000,22.000000,1010.000000
2025-05-13T09:53:38.201,177227,0,37.000000,39.000000,1000.000000
2025-05-13T09:53:38.201,177228,0,37.000000,39.000000,1000.000000
2025-05-13T09:53:38.201,177229,0,-1.000000,39.000000,982.000000
2025-05-13T09:53:38.202,177230,0,-1.000000,45.000000,1022.000000
2025-05-13T09:53:38.202,177231,0,32.000000,45.000000,1022.000000
2025-05-13T09:53:38.203,177232,0,-2.000000,19.000000,1020.000000
2025-05-13T09:53:38.203,177233,0,-2.000000,19.000000,1023.000000
2025-05-13T09:53:38.204,177234,0,-8.000000,17.000000,1023.000000
2025-05-13T09:53:38.206,177235,0,-8.000000,19.000000,992.000000
2025-05-13T09:53:38.207,177236,0,42.000000,19.000000,992.000000
2025-05-13T09:53:38.207,177237,0,-15.000000,16.000000,1019.000000
2025-05-13T09:53:38.207,177238,0,-15.000000,16.000000,1004.000000
2025-05-13T09:53:38.207,177239,0,-1.000000,24.000000,1004.000000
2025-05-13T09:53:38.207,177240,0,35.000000,16.000000,1019.000000
2025-05-13T09:53:38.207,177241,0,35.000000,16.000000,1019.000000
2025-05-13T09:53:38.207,177242,0,32.000000,20.000000,968.000000
2025-05-13T09:53:38.207,177243,0,32.000000,18.000000,1018.000000
2025-05-13T09:53:38.207,177244,0,-8.000000,18.000000,1018.000000
2025-05-13T09:53:38.208,177245,0,34.000000,39.000000,982.000000
2025-05-13T09:53:38.208,177246,0,34.000000,39.000000,1014.000000
2025-05-13T09:53:38.209,177247,0,45.000000,44.000000,1014.000000
2025-05-13T09:53:38.210,177248,0,45.000000,19.000000,1018.000000
2025-05-13T09:53:38.211,177249,0,0.000000,19.000000,1018.000000
2025-05-13T09:53:38.211,177250,0,-14.000000,24.000000,977.000000
2025-05-13T09:53:38.211,177251,0,-14.000000,24.000000,1011.000000
2025-05-13T09:53:38.211,177252,0,-3.000000,45.000000,1011.000000
2025-05-13T09:53:38.211,177253,0,36.000000,45.000000,1021.000000
2025-05-13T09:53:38.211,177254,0,36.000000,45.000000,1021.000000
2025-05-13T09:53:38.212,177255,0,38.000000,24.000000,982.000000
2025-05-13T09:53:38.212,177256,0,38.000000,20.000000,998.000000
2025-05-13T09:53:38.212,177257,0,-6.000000,20.000000,998.000000
2025-05-13T09:53:38.213,177258,0,-2.000000,24.000000,1006.000000
2025-05-13T09:53:38.213,177259,0,-2.000000,24.000000,999.000000
2025-05-13T09:53:38.214,177260,0,0.000000,44.000000,999.000000
2025-05-13T09:53:38.214,177261,0,0.000000,15.000000,974.000000
2025-05-13T09:53:38.214,177262,0,-2.000000,15.000000,974.000000
2025-05-13T09:53:38.215,177263,0,0.000000,22.000000,1026.000000
2025-05-13T09:53:38.215,177264,0,0.000000,22.000000,1045.000000
2025-05-13T09:53:38.215,177265,0,-3.000000,44.000000,1045.000000
2025-05-13T09:53:38.216,177266,0,16.000000,44.000000,1017.000000
2025-05-13T09:53:38.216,177267,0,16.000000,44.000000,1017.000000
2025-05-13T09:53:38.217,177268,0,30.000000,43.000000,993.000000
2025-05-13T09:53:38.217,177269,0,30.000000,28.000000,1023.000000
2025-05-13T09:53:38.217,177270,0,-14.000000,28.000000,1023.000000
2025-05-13T09:53:38.218,177271,0,-2.000000,42.000000,1009.000000
2025-05-13T09:53:38.218,177272,0,-2.000000,42.000000,999.000000
2025-05-13T09:53:38.219,177273,0,33.000000,39.000000,999.000000
2025-05-13T09:53:38.219,177274,0,33.000000,44.000000,1017.000000
2025-05-13T09:53:38.219,177275,0,0.000000,44.000000,1017.000000
2025-05-13T09:53:38.220,177276,0,-9.000000,44.000000,1019.000000
2025-05-13T09:53:38.220,177277,0,-9.000000,44.000000,1018.000000
2025-05-13T09:53:38.221,177278,0,32.000000,18.000000,1018.000000
2025-05-13T09:53:38.221,177279,0,16.000000,15.000000,1022.000000
2025-05-13T09:53:38.221,177280,0,16.000000,15.000000,1022.000000
2025-05-13T09:53:38.222,177281,0,-7.000000,23.000000,968.000000
2025-05-13T09:53:38.222,177282,0,-7.000000,44.000000,1020.000000
2025-05-13T09:53:38.223,177283,0,-14.000000,44.000000,1020.000000
2025-05-13T09:53:38.223,177284,0,-6.000000,44.000000,1012.000000
2025-05-13T09:53:38.223,177285,0,-6.000000,44.000000,1020.000000
2025-05-13T09:53:38.224,177286,0,39.000000,44.000000,1020.000000
2025-05-13T09:53:38.224,177287,0,39.000000,21.000000,1023.000000
2025-05-13T09:53:38.224,177288,0,-3.000000,21.000000,1023.000000
2025-05-13T09:53:38.225,177289,0,-4.000000,22.000000,1018.000000
2025-05-13T09:53:38.225,177290,0,-4.000000,22.000000,1028.000000
2025-05-13T09:53:38.226,177291,0,-11.000000,41.000000,1028.000000
2025-05-13T09:53:38.226,177292,0,-3.000000,39.000000,1016.000000
2025-05-13T09:53:38.226,177293,0,-3.000000,39.000000,1016.000000
2025-05-13T09:53:38.227,177294,0,39.000000,24.000000,976.000000
2025-05-13T09:53:38.227,177295,0,39.000000,24.000000,1021.000000
2025-05-13T09:53:38.228,177296,0,-10.000000,24.000000,1021.000000
2025-05-13T09:53:38.228,177297,0,0.000000,40.000000,1002.000000
2025-05-13T09:53:38.228,177298,0,0.000000,40.000000,1002.000000
2025-05-13T09:53:38.229,177299,0,36.000000,37.000000,1022.000000
2025-05-13T09:53:38.229,177300,0,36.000000,19.000000,972.000000
2025-05-13T09:53:38.230,177301,0,-2.000000,19.000000,972.000000
2025-05-13T09:53:38.230,177302,0,-9.000000,19.000000,999.000000
2025-05-13T09:53:38.230,177303,0,-9.000000,19.000000,1019.000000
2025-05-13T09:53:38.231,177304,0,-9.000000,44.000000,1019.000000
2025-05-13T09:53:38.231,177305,0,21.000000,18.000000,1025.000000
2025-05-13T09:53:38.231,177306,0,39.000000,18.000000,1025.000000
2025-05-13T09:53:38.232,177307,0,31.000000,42.000000,981.000000
2025-05-13T09:53:38.232,177308,0,31.000000,42.000000,1024.000000
2025-05-13T09:53:38.233,177309,0,-7.000000,41.000000,1024.000000
2025-05-13T09:53:38.233,177310,0,-4.000000,42.000000,1004.000000
2025-05-13T09:53:38.233,177311,0,-4.000000,42.000000,1004.000000
2025-05-13T09:53:38.234,177312,0,37.000000,42.000000,1014.000000
2025-05-13T09:53:38.234,177313,0,37.000000,19.000000,972.000000
2025-05-13T09:53:38.235,177314,0,-6.000000,19.000000,972.000000
2025-05-13T09:53:38.235,177315,0,1.000000,15.000000,1028.000000
2025-05-13T09:53:38.235,177316,0,1.000000,15.000000,1002.000000
2025-05-13T09:53:38.236,177317,0,33.000000,17.000000,1002.000000
2025-05-13T09:53:38.236,177318,0,2.000000,16.000000,1025.000000
2025-05-13T09:53:38.237,177319,0,-9.000000,16.000000,1025.000000
2025-05-13T09:53:38.237,177320,0,0.000000,45.000000,1017.000000
2025-05-13T09:53:38.237,177321,0,0.000000,45.000000,1023.000000
2025-05-13T09:53:38.238,177322,0,-10.000000,38.000000,1023.000000
2025-05-13T09:53:38.238,177323,0,31.000000,43.000000,1000.000000
2025-05-13T09:53:38.238,177324,0,31.000000,43.000000,1000.000000
2025-05-13T09:53:38.239,177325,0,18.000000,19.000000,1019.000000
2025-05-13T09:53:38.239,177326,0,18.000000,28.000000,980.000000
2025-05-13T09:53:38.240,177327,0,-8.000000,28.000000,980.000000
2025-05-13T09:53:38.240,177328,0,-15.000000,16.000000,1015.000000
2025-05-13T09:53:38.240,177329,0,-15.000000,16.000000,1003.000000
2025-05-13T09:53:38.241,177330,0,-2.000000,44.000000,1003.000000
2025-05-13T09:53:38.241,177331,0,-2.000000,18.000000,968.000000
2025-05-13T09:53:38.242,177332,0,34.000000,18.000000,968.000000
2025-05-13T09:53:38.242,177333,0,-14.000000,24.000000,976.000000
2025-05-13T09:53:38.242,177334,0,-14.000000,24.000000,1020.000000
2025-05-13T09:53:38.243,177335,0,-8.000000,21.000000,1020.000000
2025-05-13T09:53:38.243,177336,0,0.000000,44.000000,1026.000000
2025-05-13T09:53:38.244,177337,0,0.000000,44.000000,1026.000000
2025-05-13T09:53:38.244,177338,0,37.000000,25.000000,1022.000000
2025-05-13T09:53:38.244,177339,0,37.000000,28.000000,977.000000
2025-05-13T09:53:38.245,177340,0,-12.000000,28.000000,977.000000
2025-05-13T09:53:38.245,177341,0,13.000000,17.000000,1010.000000
2025-05-13T09:53:38.246,177342,0,13.000000,17.000000,1023.000000
2025-05-13T09:53:38.246,177343,0,-2.000000,41.000000,1023.000000
2025-05-13T09:53:38.246,177344,0,-2.000000,45.000000,1019.000000
2025-05-13T09:53:38.247,177345,0,41.000000,45.000000,1019.000000
2025-05-13T09:53:38.247,177346,0,-9.000000,18.000000,978.000000
2025-05-13T09:53:38.247,177347,0,-9.000000,18.000000,1001.000000
2025-05-13T09:53:38.248,177348,0,34.000000,43.000000,1001.000000
2025-05-13T09:53:38.248,177349,0,-2.000000,38.000000,1022.000000
2025-05-13T09:53:38.249,177350,0,-2.000000,38.000000,1022.000000
2025-05-13T09:53:38.249,177351,0,30.000000,16.000000,1015.000000
2025-05-13T09:53:38.249,177352,0,30.000000,22.000000,977.000000
2025-05-13T09:53:38.250,177353,0,-4.000000,22.000000,977.000000
2025-05-13T09:53:38.250,177354,0,-14.000000,18.000000,1005.000000
2025-05-13T09:53:38.251,177355,0,-14.000000,18.000000,1027.000000
2025-05-13T09:53:38.251,177356,0,39.000000,37.000000,1027.000000
2025-05-13T09:53:38.251,177357,0,39.000000,16.000000,978.000000
2025-05-13T09:53:38.252,177358,0,41.000000,16.000000,978.000000
2025-05-13T09:53:38.252,177359,0,15.000000,26.000000,972.000000
2025-05-13T09:53:38.253,177360,0,15.000000,26.000000,1026.000000
2025-05-13T09:53:38.253,177361,0,-1.000000,43.000000,1026.000000
2025-05-13T09:53:38.253,177362,0,-9.000000,15.000000,979.000000
2025-05-13T09:53:38.254,177363,0,-9.000000,15.000000,979.000000
2025-05-13T09:53:38.254,177364,0,-4.000000,15.000000,1013.000000
2025-05-13T09:53:38.254,177365,0,-4.000000,15.000000,1013.000000
2025-05-13T09:53:38.255,177366,0,-9.000000,15.000000,1013.000000
2025-05-13T09:53:38.255,177367,0,12.000000,16.000000,1019.000000
2025-05-13T09:53:38.256,177368,0,12.000000,16.000000,1021.000000
2025-05-13T09:53:38.256,177369,0,42.000000,40.000000,1021.000000
2025-05-13T09:53:38.256,177370,0,42.000000,45.000000,975.000000
2025-05-13T09:53:38.257,177371,0,-4.000000,45.000000,975.000000
2025-05-13T09:53:38.257,177372,0,-5.000000,23.000000,1014.000000
2025-05-13T09:53:38.258,177373,0,-5.000000,23.000000,1012.000000
2025-05-13T09:53:38.258,177374,0,-9.000000,37.000000,1012.000000
2025-05-13T09:53:38.258,177375,0,0.000000,42.000000,1023.000000
2025-05-13T09:53:38.259,177376,0,0.000000,42.000000,1023.000000
2025-05-13T09:53:38.259,177377,0,-8.000000,37.000000,981.000000
2025-05-13T09:53:38.260,177378,0,-8.000000,16.000000,1027.000000
2025-05-13T09:53:38.260,177379,0,-6.000000,16.000000,1027.000000
2025-05-13T09:53:38.260,177380,0,14.000000,18.000000,1017.000000
2025-05-13T09:53:38.261,177381,0,14.000000,18.000000,1027.000000
2025-05-13T09:53:38.261,177382,0,34.000000,41.000000,1027.000000
2025-05-13T09:53:38.262,177383,0,34.000000,18.000000,985.000000
2025-05-13T09:53:38.262,177384,0,-7.000000,18.000000,985.000000
2025-05-13T09:53:38.262,177385,0,-9.000000,25.000000,1014.000000
2025-05-13T09:53:38.263,177386,0,-9.000000,25.000000,1006.000000
2025-05-13T09:53:38.263,177387,0,14.000000,42.000000,1006.000000
2025-05-13T09:53:38.263,177388,0,36.000000,15.000000,1026.000000
2025-05-13T09:53:38.264,177389,0,36.000000,15.000000,1026.000000
2025-05-13T09:53:38.264,177390,0,-4.000000,17.000000,977.000000
2025-05-13T09:53:38.265,177391,0,-4.000000,17.000000,1023.000000
2025-05-13T09:53:38.265,177392,0,-5.000000,17.000000,1023.000000
2025-05-13T09:53:38.265,177393,0,-7.000000,45.000000,1002.000000
2025-05-13T09:53:38.266,177394,0,-7.000000,45.000000,1002.000000
2025-05-13T09:53:38.266,177395,0,35.000000,42.000000,1002.000000
2025-05-13T09:53:38.267,177396,0,35.000000,44.000000,972.000000
2025-05-13T09:53:38.267,177397,0,34.000000,44.000000,972.000000
2025-05-13T09:53:38.267,177398,0,-11.000000,17.000000,1021.000000
2025-05-13T09:53:38.268,177399,0,-11.000000,17.000000,999.000000
2025-05-13T09:53:38.268,177400,0,14.000000,22.000000,999.000000
2025-05-13T09:53:38.269,177401,0,33.000000,36.000000,999.000000
2025-05-13T09:53:38.269,177402,0,33.000000,36.000000,999.000000
2025-05-13T09:53:38.269,177403,0,35.000000,45.000000,980.000000
2025-05-13T09:53:38.270,177404,0,35.000000,16.000000,1019.000000
2025-05-13T09:53:38.270,177405,0,-6.000000,16.000000,1019.000000
2025-05-13T09:53:38.270,177406,0,34.000000,41.000000,1026.000000
2025-05-13T09:53:38.271,177407,0,34.000000,41.000000,1022.000000
2025-05-13T09:53:38.271,177408,0,33.000000,19.000000,1022.000000
2025-05-13T09:53:38.272,177409,0,33.000000,22.000000,969.000000
2025-05-13T09:53:38.272,177410,0,-3.000000,22.000000,969.000000
2025-05-13T09:53:38.272,177411,0,15.000000,22.000000,981.000000
2025-05-13T09:53:38.273,177412,0,15.000000,22.000000,1028.000000
2025-05-13T09:53:38.273,177413,0,-8.000000,23.000000,1028.000000
2025-05-13T09:53:38.274,177414,0,41.000000,45.000000,1001.000000
2025-05-13T09:53:38.274,177415,0,41.000000,45.000000,1001.000000
2025-05-13T09:53:38.274,177416,0,-2.000000,18.000000,1015.000000
2025-05-13T09:53:38.275,177417,0,-2.000000,43.000000,1017.000000
2025-05-13T09:53:38.275,177418,0,-8.000000,43.000000,1017.000000
2025-05-13T09:53:38.276,177419,0,-1.000000,20.000000,999.000000
2025-05-13T09:53:38.276,177420,0,-1.000000,20.000000,1018.000000
2025-05-13T09:53:38.276,177421,0,33.000000,15.000000,1018.000000
2025-05-13T09:53:38.277,177422,0,33.000000,43.000000,996.000000
2025-05-13T09:53:38.277,177423,0,38.000000,43.000000,996.000000
2025-05-13T09:53:38.278,177424,0,-14.000000,19.000000,1017.000000
2025-05-13T09:53:38.278,177425,0,-14.000000,19.000000,1006.000000
2025-05-13T09:53:38.278,177426,0,33.000000,19.000000,1006.000000
2025-05-13T09:53:38.279,177427,0,33.000000,35.000000,1020.000000
2025-05-13T09:53:38.279,177428,0,33.000000,35.000000,1020.000000
2025-05-13T09:53:38.279,177429,0,-1.000000,15.000000,969.000000
2025-05-13T09:53:38.280,177430,0,-1.000000,17.000000,976.000000
2025-05-13T09:53:38.280,177431,0,-9.000000,17.000000,976.000000
2025-05-13T09:53:38.281,177432,0,-6.000000,17.000000,1023.000000
2025-05-13T09:53:38.281,177433,0,-6.000000,17.000000,1026.000000
2025-05-13T09:53:38.281,177434,0,-2.000000,42.000000,1026.000000
2025-05-13T09:53:38.282,177435,0,-2.000000,43.000000,1019.000000
2025-05-13T09:53:38.282,177436,0,31.000000,43.000000,1019.000000
2025-05-13T09:53:38.283,177437,0,11.000000,23.000000,1014.000000
2025-05-13T09:53:38.283,177438,0,11.000000,23.000000,1013.000000
2025-05-13T09:53:38.283,177439,0,-9.000000,36.000000,1013.000000
2025-05-13T09:53:38.284,177440,0,35.000000,41.000000,1021.000000
2025-05-13T09:53:38.284,177441,0,35.000000,41.000000,1021.000000
2025-05-13T09:53:38.284,177442,0,41.000000,25.000000,971.000000
2025-05-13T09:53:38.285,177443,0,41.000000,21.000000,1023.000000
2025-05-13T09:53:38.285,177444,0,-7.000000,21.000000,1023.000000
2025-05-13T09:53:38.286,177445,0,-8.000000,42.000000,1021.000000
2025-05-13T09:53:38.286,177446,0,-8.000000,42.000000,1025.000000
2025-05-13T09:53:38.286,177447,0,-1.000000,41.000000,1025.000000
2025-05-13T09:53:38.287,177448,0,-1.000000,17.000000,973.000000
2025-05-13T09:53:38.287,177449,0,-1.000000,17.000000,973.000000
2025-05-13T09:53:38.288,177450,0,-2.000000,20.000000,1025.000000
2025-05-13T09:53:38.288,177451,0,-2.000000,20.000000,1006.000000
2025-05-13T09:53:38.288,177452,0,-11.000000,19.000000,1006.000000
2025-05-13T09:53:38.289,177453,0,44.000000,35.000000,1017.000000
2025-05-13T09:53:38.289,177454,0,44.000000,35.000000,1017.000000
2025-05-13T09:53:38.290,177455,0,30.000000,42.000000,970.000000
2025-05-13T09:53:38.290,177456,0,30.000000,29.000000,1016.000000
2025-05-13T09:53:38.290,177457,0,-9.000000,29.000000,1016.000000
2025-05-13T09:53:38.291,177458,0,-5.000000,42.000000,1010.000000
2025-05-13T09:53:38.291,177459,0,-5.000000,42.000000,1000.000000
2025-05-13T09:53:38.292,177460,0,-4.000000,18.000000,1000.000000
2025-05-13T09:53:38.292,177461,0,-4.000000,45.000000,981.000000
2025-05-13T09:53:38.292,177462,0,-8.000000,45.000000,981.000000
2025-05-13T09:53:38.293,177463,0,-8.000000,19.000000,1025.000000
2025-05-13T09:53:38.293,177464,0,-8.000000,19.000000,1026.000000
2025-05-13T09:53:38.294,177465,0,-5.000000,43.000000,1026.000000
2025-05-13T09:53:38.294,177466,0,43.000000,38.000000,1022.000000
2025-05-13T09:53:38.294,177467,0,43.000000,38.000000,1022.000000
2025-05-13T09:53:38.295,177468,0,-1.000000,45.000000,969.000000
2025-05-13T09:53:38.295,177469,0,-1.000000,45.000000,1020.000000
2025-05-13T09:53:38.295,177470,0,-10.000000,45.000000,1020.000000
2025-05-13T09:53:38.296,177471,0,0.000000,42.000000,1012.000000
2025-05-13T09:53:38.296,177472,0,0.000000,42.000000,1023.000000
2025-05-13T09:53:38.297,177473,0,-1.000000,44.000000,1023.000000
2025-05-13T09:53:38.297,177474,0,-1.000000,18.000000,1019.000000
2025-05-13T09:53:38.297,177475,0,-4.000000,18.000000,1019.000000
2025-05-13T09:53:38.298,177476,0,-11.000000,44.000000,1016.000000
2025-05-13T09:53:38.298,177477,0,-11.000000,44.000000,1021.000000
2025-05-13T09:53:38.346,177599,0,-7.000000,18.000000,1002.000000
2025-05-13T09:53:38.346,177600,0,-14.000000,18.000000,1002.000000
2025-05-13T09:53:38.347,177601,0,16.000000,16.000000,1021.000000
2025-05-13T09:53:38.347,177602,0,16.000000,16.000000,1021.000000
2025-05-13T09:53:38.347,177603,0,33.000000,16.000000,1017.000000
2025-05-13T09:53:38.348,177604,0,33.000000,44.000000,1026.000000
2025-05-13T09:53:38.348,177605,0,-4.000000,44.000000,1026.000000
2025-05-13T09:53:38.349,177606,0,-3.000000,45.000000,1027.000000
2025-05-13T09:53:38.349,177607,0,-3.000000,45.000000,1024.000000
2025-05-13T09:53:38.349,177608,0,37.000000,17.000000,1024.000000
2025-05-13T09:53:38.350,177609,0,37.000000,15.000000,969.000000
2025-05-13T09:53:38.351,177610,0,33.000000,15.000000,969.000000
2025-05-13T09:53:38.351,177611,0,-10.000000,22.000000,1021.000000
2025-05-13T09:53:38.351,177612,0,-10.000000,22.000000,1005.000000
2025-05-13T09:53:38.352,177613,0,-6.000000,22.000000,1005.000000
2025-05-13T09:53:38.352,177614,0,42.000000,16.000000,1001.000000
2025-05-13T09:53:38.352,177615,0,42.000000,16.000000,1001.000000
2025-05-13T09:53:38.353,177616,0,40.000000,19.000000,978.000000
2025-05-13T09:53:38.353,177617,0,40.000000,23.000000,1023.000000
2025-05-13T09:53:38.353,177618,0,32.000000,23.000000,1023.000000
2025-05-13T09:53:38.354,177619,0,-3.000000,17.000000,999.000000
2025-05-13T09:53:38.354,177620,0,-3.000000,17.000000,982.000000
2025-05-13T09:53:38.354,177621,0,31.000000,43.000000,982.000000
2025-05-13T09:53:38.355,177622,0,31.000000,16.000000,1020.000000
2025-05-13T09:53:38.355,177623,0,34.000000,16.000000,1020.000000
2025-05-13T09:53:38.356,177624,0,-10.000000,24.000000,1020.000000
2025-05-13T09:53:38.356,177625,0,-10.000000,24.000000,1008.000000
2025-05-13T09:53:38.356,177626,0,31.000000,21.000000,1008.000000
2025-05-13T09:53:38.357,177627,0,38.000000,43.000000,1023.000000
2025-05-13T09:53:38.357,177628,0,38.000000,43.000000,1023.000000
2025-05-13T09:53:38.358,177629,0,39.000000,21.000000,967.000000
2025-05-13T09:53:38.358,177630,0,39.000000,16.000000,1018.000000
2025-05-13T09:53:38.358,177631,0,-7.000000,16.000000,1018.000000
2025-05-13T09:53:38.359,177632,0,35.000000,21.000000,1023.000000
2025-05-13T09:53:38.371,177633,0,35.000000,21.000000,1019.000000
2025-05-13T09:53:38.371,177634,0,32.000000,18.000000,1019.000000
2025-05-13T09:53:38.371,177635,0,32.000000,16.000000,1015.000000
2025-05-13T09:53:38.371,177636,0,32.000000,16.000000,1015.000000
2025-05-13T09:53:38.371,177637,0,11.000000,20.000000,975.000000
2025-05-13T09:53:38.371,177638,0,11.000000,20.000000,1008.000000
2025-05-13T09:53:38.371,177639,0,-1.000000,44.000000,1008.000000
2025-05-13T09:53:38.373,177640,0,-1.000000,36.000000,1023.000000
2025-05-13T09:53:38.374,177641,0,-1.000000,36.000000,1023.000000
2025-05-13T09:53:38.374,177642,0,32.000000,26.000000,969.000000
2025-05-13T09:53:38.375,177643,0,32.000000,25.000000,1014.000000
2025-05-13T09:53:38.376,177644,0,-13.000000,25.000000,1014.000000
2025-05-13T09:53:38.377,177645,0,-12.000000,43.000000,1023.000000
2025-05-13T09:53:38.378,177646,0,-12.000000,43.000000,981.000000
2025-05-13T09:53:38.378,177647,0,35.000000,44.000000,981.000000
2025-05-13T09:53:38.378,177648,0,35.000000,43.000000,974.000000
2025-05-13T09:53:38.378,177649,0,-4.000000,43.000000,974.000000
2025-05-13T09:53:38.378,177650,0,31.000000,18.000000,1017.000000
2025-05-13T09:53:38.379,177651,0,31.000000,18.000000,1006.000000
2025-05-13T09:53:38.379,177652,0,-12.000000,40.000000,1006.000000
2025-05-13T09:53:38.379,177653,0,17.000000,43.000000,1023.000000
2025-05-13T09:53:38.379,177654,0,17.000000,43.000000,1023.000000
2025-05-13T09:53:38.379,177655,0,0.000000,44.000000,971.000000
2025-05-13T09:53:38.379,177656,0,0.000000,24.000000,1015.000000
2025-05-13T09:53:38.379,177657,0,-11.000000,24.000000,1015.000000
2025-05-13T09:53:38.380,177658,0,-9.000000,42.000000,999.000000
2025-05-13T09:53:38.380,177659,0,-9.000000,42.000000,1028.000000
2025-05-13T09:53:38.380,177660,0,32.000000,16.000000,1028.000000
2025-05-13T09:53:38.380,177661,0,32.000000,21.000000,979.000000
2025-05-13T09:53:38.380,177662,0,-1.000000,21.000000,979.000000
2025-05-13T09:53:38.380,177663,0,-6.000000,21.000000,1028.000000
2025-05-13T09:53:38.380,177664,0,-6.000000,21.000000,1022.000000
2025-05-13T09:53:38.381,177665,0,-9.000000,42.000000,1022.000000
2025-05-13T09:53:38.381,177666,0,44.000000,38.000000,1027.000000
2025-05-13T09:53:38.381,177667,0,44.000000,38.000000,1027.000000
2025-05-13T09:53:38.382,177668,0,32.000000,23.000000,993.000000
2025-05-13T09:53:38.382,177669,0,32.000000,23.000000,1016.000000
2025-05-13T09:53:38.383,177670,0,-12.000000,23.000000,1016.000000
2025-05-13T09:53:38.383,177671,0,34.000000,45.000000,1027.000000
2025-05-13T09:53:38.383,177672,0,34.000000,45.000000,982.000000
2025-05-13T09:53:38.384,177673,0,-5.000000,42.000000,982.000000
2025-05-13T09:53:38.384,177674,0,-5.000000,16.000000,1018.000000
2025-05-13T09:53:38.385,177675,0,-5.000000,16.000000,1018.000000
2025-05-13T09:53:38.385,177676,0,-14.000000,16.000000,1020.000000
2025-05-13T09:53:38.385,177677,0,-14.000000,16.000000,999.000000
2025-05-13T09:53:38.385,177678,0,32.000000,39.000000,999.000000
2025-05-13T09:53:38.385,177679,0,42.000000,38.000000,1024.000000
2025-05-13T09:53:38.385,177680,0,42.000000,38.000000,1024.000000
2025-05-13T09:53:38.385,177681,0,36.000000,45.000000,973.000000
2025-05-13T09:53:38.386,177682,0,36.000000,21.000000,1016.000000
2025-05-13T09:53:38.386,177683,0,-10.000000,21.000000,1016.000000
2025-05-13T09:53:38.386,177684,0,-9.000000,39.000000,1048.000000
2025-05-13T09:53:38.386,177685,0,-9.000000,39.000000,1020.000000
2025-05-13T09:53:38.386,177686,0,32.000000,44.000000,1020.000000
2025-05-13T09:53:38.386,177687,0,32.000000,20.000000,971.000000
2025-05-13T09:53:38.387,177688,0,-3.000000,20.000000,971.000000
2025-05-13T09:53:38.387,177689,0,-13.000000,21.000000,1019.000000
2025-05-13T09:53:38.387,177690,0,-13.000000,21.000000,1022.000000
2025-05-13T09:53:38.392,177691,0,33.000000,21.000000,1022.000000
2025-05-13T09:53:38.392,177692,0,34.000000,16.000000,1024.000000
2025-05-13T09:53:38.394,177693,0,34.000000,16.000000,1024.000000
2025-05-13T09:53:38.428,177694,0,-10.000000,23.000000,992.000000
2025-05-13T09:53:38.429,177695,0,-10.000000,16.000000,1017.000000
2025-05-13T09:53:38.430,177696,0,12.000000,16.000000,1017.000000
2025-05-13T09:53:38.430,177697,0,33.000000,23.000000,1011.000000
2025-05-13T09:53:38.430,177698,0,33.000000,23.000000,1024.000000
2025-05-13T09:53:38.430,177699,0,43.000000,45.000000,1024.000000
2025-05-13T09:53:38.430,177700,0,43.000000,19.000000,1017.000000
2025-05-13T09:53:38.430,177701,0,34.000000,19.000000,1017.000000
2025-05-13T09:53:38.430,177702,0,-9.000000,20.000000,975.000000
2025-05-13T09:53:38.430,177703,0,-9.000000,20.000000,1001.000000
2025-05-13T09:53:38.430,177704,0,-2.000000,21.000000,1001.000000
2025-05-13T09:53:38.430,177705,0,-1.000000,35.000000,1019.000000
2025-05-13T09:53:38.430,177706,0,-1.000000,35.000000,1019.000000
2025-05-13T09:53:38.430,177707,0,-2.000000,20.000000,970.000000
2025-05-13T09:53:38.430,177708,0,-2.000000,18.000000,1023.000000
2025-05-13T09:53:38.430,177709,0,11.000000,18.000000,1023.000000
2025-05-13T09:53:38.430,177710,0,-4.000000,17.000000,1028.000000
2025-05-13T09:53:38.430,177711,0,-4.000000,17.000000,1025.000000
2025-05-13T09:53:38.430,177712,0,37.000000,39.000000,1025.000000
2025-05-13T09:53:38.430,177713,0,37.000000,44.000000,971.000000
2025-05-13T09:53:38.430,177714,0,-7.000000,44.000000,971.000000
2025-05-13T09:53:38.431,177715,0,-9.000000,22.000000,1017.000000
2025-05-13T09:53:38.431,177716,0,-9.000000,22.000000,1021.000000
2025-05-13T09:53:38.431,177717,0,31.000000,19.000000,1021.000000
2025-05-13T09:53:38.431,177718,0,35.000000,15.000000,1013.000000
2025-05-13T09:53:38.431,177719,0,35.000000,15.000000,1013.000000
2025-05-13T09:53:38.431,177720,0,33.000000,19.000000,978.000000
2025-05-13T09:53:38.431,177721,0,33.000000,16.000000,1014.000000
2025-05-13T09:53:38.431,177722,0,13.000000,16.000000,1014.000000
2025-05-13T09:53:38.431,177723,0,0.000000,40.000000,1050.000000
2025-05-13T09:53:38.431,177724,0,0.000000,40.000000,1019.000000
2025-05-13T09:53:38.431,177725,0,38.000000,42.000000,1019.000000
2025-05-13T09:53:38.431,177726,0,38.000000,22.000000,973.000000
2025-05-13T09:53:38.431,177727,0,-6.000000,22.000000,973.000000
2025-05-13T09:53:38.431,177728,0,31.000000,21.000000,1025.000000
2025-05-13T09:53:38.431,177729,0,31.000000,21.000000,1026.000000
2025-05-13T09:53:38.431,177730,0,30.000000,44.000000,1026.000000
2025-05-13T09:53:38.431,177731,0,44.000000,44.000000,1018.000000
2025-05-13T09:53:38.431,177732,0,44.000000,44.000000,1018.000000
2025-05-13T09:53:38.431,177733,0,0.000000,44.000000,973.000000
2025-05-13T09:53:38.431,177734,0,0.000000,44.000000,979.000000
2025-05-13T09:53:38.431,177735,0,11.000000,24.000000,979.000000
2025-05-13T09:53:38.431,177736,0,0.000000,44.000000,1003.000000
2025-05-13T09:53:38.431,177737,0,0.000000,44.000000,1003.000000
2025-05-13T09:53:38.431,177738,0,39.000000,19.000000,1024.000000
2025-05-13T09:53:38.431,177739,0,39.000000,24.000000,972.000000
2025-05-13T09:53:38.432,177740,0,36.000000,24.000000,972.000000
2025-05-13T09:53:38.432,177741,0,14.000000,24.000000,1024.000000
2025-05-13T09:53:38.432,177742,0,14.000000,24.000000,1022.000000
2025-05-13T09:53:38.432,177743,0,-8.000000,42.000000,1022.000000
2025-05-13T09:53:38.432,177744,0,-8.000000,20.000000,999.000000
2025-05-13T09:53:38.432,177745,0,-3.000000,20.000000,999.000000
2025-05-13T09:53:38.432,177746,0,37.000000,22.000000,1014.000000
2025-05-13T09:53:38.442,177747,0,37.000000,22.000000,981.000000
2025-05-13T09:53:38.442,177748,0,-10.000000,20.000000,981.000000
2025-05-13T09:53:38.442,177749,0,-4.000000,41.000000,1002.000000
2025-05-13T09:53:38.442,177750,0,-4.000000,41.000000,1002.000000
2025-05-13T09:53:38.442,177751,0,34.000000,44.000000,1019.000000
2025-05-13T09:53:38.442,177752,0,34.000000,16.000000,997.000000
2025-05-13T09:53:38.442,177753,0,38.000000,16.000000,997.000000
2025-05-13T09:53:38.443,177754,0,8.000000,20.000000,1027.000000
2025-05-13T09:53:38.443,177755,0,8.000000,20.000000,1000.000000
2025-05-13T09:53:38.443,177756,0,31.000000,39.000000,1000.000000
2025-05-13T09:53:38.443,177757,0,0.000000,45.000000,1015.000000
2025-05-13T09:53:38.443,177758,0,0.000000,45.000000,1015.000000
2025-05-13T09:53:38.443,177759,0,-5.000000,15.000000,1017.000000
2025-05-13T09:53:38.443,177760,0,-5.000000,15.000000,1022.000000
2025-05-13T09:53:38.443,177761,0,-14.000000,45.000000,1022.000000
2025-05-13T09:53:38.443,177762,0,33.000000,45.000000,1008.000000
2025-05-13T09:53:38.443,177763,0,33.000000,45.000000,977.000000
2025-05-13T09:53:38.443,177764,0,39.000000,19.000000,982.000000
2025-05-13T09:53:38.443,177765,0,39.000000,23.000000,974.000000
2025-05-13T09:53:38.443,177766,0,-4.000000,23.000000,974.000000
2025-05-13T09:53:38.443,177767,0,14.000000,15.000000,1019.000000
2025-05-13T09:53:38.444,177768,0,14.000000,15.000000,1012.000000
2025-05-13T09:53:38.444,177769,0,-2.000000,40.000000,1012.000000
2025-05-13T09:53:38.444,177770,0,28.000000,15.000000,973.000000
2025-05-13T09:53:38.444,177771,0,36.000000,15.000000,973.000000
2025-05-13T09:53:38.444,177772,0,31.000000,45.000000,1016.000000
2025-05-13T09:53:38.444,177773,0,31.000000,45.000000,1015.000000
2025-05-13T09:53:38.444,177774,0,-4.000000,16.000000,1015.000000
2025-05-13T09:53:38.444,177775,0,32.000000,42.000000,1021.000000
2025-05-13T09:53:38.444,177776,0,32.000000,42.000000,1021.000000
2025-05-13T09:53:38.444,177777,0,45.000000,22.000000,1018.000000
2025-05-13T09:53:38.444,177778,0,45.000000,28.000000,974.000000
2025-05-13T09:53:38.444,177779,0,-8.000000,28.000000,974.000000
2025-05-13T09:53:38.444,177780,0,-9.000000,17.000000,1028.000000
2025-05-13T09:53:38.444,177781,0,-9.000000,17.000000,1017.000000
2025-05-13T09:53:38.444,177782,0,-4.000000,36.000000,1017.000000
2025-05-13T09:53:38.444,177783,0,-4.000000,38.000000,1014.000000
2025-05-13T09:53:38.444,177784,0,33.000000,38.000000,1014.000000
2025-05-13T09:53:38.445,177785,0,10.000000,20.000000,972.000000
2025-05-13T09:53:38.445,177786,0,10.000000,20.000000,1010.000000
2025-05-13T09:53:38.445,177787,0,-9.000000,15.000000,1010.000000
2025-05-13T09:53:38.445,177788,0,-13.000000,43.000000,1017.000000
2025-05-13T09:53:38.445,177789,0,-13.000000,43.000000,1017.000000
2025-05-13T09:53:38.445,177790,0,-6.000000,39.000000,978.000000
2025-05-13T09:53:38.445,177791,0,-6.000000,20.000000,981.000000
2025-05-13T09:53:38.445,177792,0,-2.000000,20.000000,981.000000
2025-05-13T09:53:38.451,177793,0,-14.000000,21.000000,1028.000000
2025-05-13T09:53:38.451,177794,0,-14.000000,21.000000,1003.000000
2025-05-13T09:53:38.451,177795,0,38.000000,35.000000,1003.000000
2025-05-13T09:53:38.451,177796,0,38.000000,39.000000,969.000000
2025-05-13T09:53:38.451,177797,0,-5.000000,39.000000,969.000000
2025-05-13T09:53:38.451,177798,0,-12.000000,18.000000,1017.000000
2025-05-13T09:53:38.451,177799,0,-12.000000,18.000000,1002.000000
2025-05-13T09:53:38.451,177800,0,13.000000,40.000000,1002.000000
2025-05-13T09:53:38.451,177801,0,39.000000,39.000000,1022.000000
2025-05-13T09:53:38.451,177802,0,39.000000,39.000000,1022.000000
2025-05-13T09:53:38.451,177803,0,-3.000000,45.000000,975.000000
2025-05-13T09:53:38.452,177804,0,-3.000000,16.000000,1016.000000
2025-05-13T09:53:38.452,177805,0,-5.000000,16.000000,1016.000000
2025-05-13T09:53:38.452,177806,0,14.000000,45.000000,1018.000000
2025-05-13T09:53:38.452,177807,0,14.000000,45.000000,1020.000000
2025-05-13T09:53:38.452,177808,0,35.000000,43.000000,1020.000000
2025-05-13T09:53:38.452,177809,0,35.000000,45.000000,974.000000
2025-05-13T09:53:38.452,177810,0,34.000000,45.000000,974.000000
2025-05-13T09:53:38.452,177811,0,-8.000000,21.000000,977.000000
2025-05-13T09:53:38.452,177812,0,-8.000000,21.000000,1021.000000
2025-05-13T09:53:38.452,177813,0,-13.000000,19.000000,1021.000000
2025-05-13T09:53:38.452,177814,0,35.000000,38.000000,999.000000
2025-05-13T09:53:38.452,177815,0,35.000000,38.000000,999.000000
2025-05-13T09:53:38.452,177816,0,31.000000,42.000000,980.000000
2025-05-13T09:53:38.452,177817,0,31.000000,21.000000,1014.000000
2025-05-13T09:53:38.452,177818,0,-2.000000,21.000000,1014.000000
2025-05-13T09:53:38.452,177819,0,-9.000000,23.000000,1002.000000
2025-05-13T09:53:38.452,177820,0,-9.000000,23.000000,1017.000000
2025-05-13T09:53:38.452,177821,0,-1.000000,45.000000,1017.000000
2025-05-13T09:53:38.452,177822,0,-1.000000,21.000000,1015.000000
2025-05-13T09:53:38.452,177823,0,35.000000,21.000000,1015.000000
2025-05-13T09:53:38.452,177824,0,-11.000000,29.000000,971.000000
2025-05-13T09:53:38.452,177825,0,-11.000000,29.000000,1008.000000
2025-05-13T09:53:38.452,177826,0,-4.000000,45.000000,1008.000000
2025-05-13T09:53:38.452,177827,0,35.000000,39.000000,982.000000
2025-05-13T09:53:38.453,177828,0,35.000000,39.000000,982.000000
2025-05-13T09:53:38.453,177829,0,33.000000,27.000000,998.000000
2025-05-13T09:53:38.453,177830,0,33.000000,26.000000,1018.000000
2025-05-13T09:53:38.453,177831,0,-7.000000,26.000000,1018.000000
2025-05-13T09:53:38.453,177832,0,31.000000,45.000000,1029.000000
2025-05-13T09:53:38.453,177833,0,31.000000,45.000000,1015.000000
2025-05-13T09:53:38.454,177834,0,35.000000,44.000000,1015.000000
2025-05-13T09:53:38.454,177835,0,35.000000,22.000000,973.000000
2025-05-13T09:53:38.454,177836,0,31.000000,22.000000,973.000000
2025-05-13T09:53:38.454,177837,0,11.000000,23.000000,1014.000000
2025-05-13T09:53:38.454,177838,0,11.000000,23.000000,1005.000000
2025-05-13T09:53:38.454,177839,0,-3.000000,45.000000,1005.000000
2025-05-13T09:53:38.477,177840,0,32.000000,38.000000,1022.000000
2025-05-13T09:53:38.477,177841,0,32.000000,38.000000,1022.000000
2025-05-13T09:53:38.477,177842,0,44.000000,21.000000,974.000000
2025-05-13T09:53:38.477,177843,0,44.000000,45.000000,1017.000000
2025-05-13T09:53:38.477,177844,0,-6.000000,45.000000,1017.000000
2025-05-13T09:53:38.477,177845,0,-9.000000,15.000000,1023.000000
2025-05-13T09:53:38.477,177846,0,-9.000000,15.000000,1025.000000
2025-05-13T09:53:38.478,177847,0,32.000000,15.000000,1025.000000
2025-05-13T09:53:38.478,177848,0,32.000000,42.000000,973.000000
2025-05-13T09:53:38.478,177849,0,-6.000000,42.000000,973.000000
2025-05-13T09:53:38.478,177850,0,32.000000,41.000000,1014.000000
2025-05-13T09:53:38.478,177851,0,32.000000,41.000000,1009.000000
2025-05-13T09:53:38.478,177852,0,0.000000,45.000000,1009.000000
2025-05-13T09:53:38.478,177853,0,45.000000,40.000000,1016.000000
2025-05-13T09:53:38.478,177854,0,45.000000,40.000000,1016.000000
2025-05-13T09:53:38.479,177855,0,-3.000000,39.000000,997.000000
2025-05-13T09:53:38.479,177856,0,-3.000000,23.000000,981.000000
2025-05-13T09:53:38.479,177857,0,11.000000,23.000000,981.000000
2025-05-13T09:53:38.479,177858,0,-2.000000,42.000000,1009.000000
2025-05-13T09:53:38.479,177859,0,-2.000000,42.000000,1006.000000
2025-05-13T09:53:38.479,177860,0,32.000000,45.000000,1006.000000
2025-05-13T09:53:38.479,177861,0,32.000000,19.000000,1017.000000
2025-05-13T09:53:38.479,177862,0,-9.000000,19.000000,1017.000000
2025-05-13T09:53:38.479,177863,0,-11.000000,19.000000,1023.000000
2025-05-13T09:53:38.480,177864,0,-11.000000,19.000000,1025.000000
2025-05-13T09:53:38.480,177865,0,-10.000000,39.000000,1025.000000
2025-05-13T09:53:38.480,177866,0,43.000000,44.000000,1026.000000
2025-05-13T09:53:38.480,177867,0,43.000000,44.000000,1026.000000
2025-05-13T09:53:38.480,177868,0,31.000000,45.000000,975.000000
2025-05-13T09:53:38.480,177869,0,31.000000,19.000000,1020.000000
2025-05-13T09:53:38.480,177870,0,-13.000000,19.000000,1020.000000
2025-05-13T09:53:38.481,177871,0,-3.000000,33.000000,1008.000000
2025-05-13T09:53:38.481,177872,0,-3.000000,33.000000,1023.000000
2025-05-13T09:53:38.481,177873,0,33.000000,43.000000,1023.000000
2025-05-13T09:53:38.481,177874,0,33.000000,45.000000,976.000000
2025-05-13T09:53:38.485,177875,0,34.000000,45.000000,976.000000
2025-05-13T09:53:38.499,177876,0,-13.000000,43.000000,1023.000000
2025-05-13T09:53:38.501,177877,0,-13.000000,43.000000,1000.000000
2025-05-13T09:53:38.501,177878,0,-6.000000,18.000000,1000.000000
2025-05-13T09:53:38.501,177879,0,36.000000,35.000000,1025.000000
2025-05-13T09:53:38.502,177880,0,36.000000,35.000000,1025.000000
2025-05-13T09:53:38.502,177881,0,-12.000000,26.000000,973.000000
2025-05-13T09:53:38.502,177882,0,-12.000000,65.000000,1018.000000
2025-05-13T09:53:38.503,177883,0,-5.000000,65.000000,1018.000000
2025-05-13T09:53:38.505,177884,0,34.000000,25.000000,1048.000000
2025-05-13T09:53:38.505,177885,0,34.000000,25.000000,1027.000000
2025-05-13T09:53:38.507,177886,0,20.000000,16.000000,1027.000000
2025-05-13T09:53:38.508,177887,0,20.000000,-4.000000,1016.000000
2025-05-13T09:53:38.508,177888,0,17.000000,-4.000000,1016.000000
2025-05-13T09:53:38.508,177889,0,-11.000000,34.000000,1023.000000
2025-05-13T09:53:38.508,177890,0,-11.000000,34.000000,1026.000000
2025-05-13T09:53:38.508,177891,0,-11.000000,41.000000,1026.000000
2025-05-13T09:53:38.508,177892,0,-9.000000,25.000000,1017.000000
2025-05-13T09:53:38.508,177893,0,-9.000000,25.000000,1017.000000
2025-05-13T09:53:38.508,177894,0,-3.000000,65.000000,995.000000
2025-05-13T09:53:38.508,177895,0,-3.000000,42.000000,1018.000000
2025-05-13T09:53:38.508,177896,0,-13.000000,42.000000,1018.000000
2025-05-13T09:53:38.508,177897,0,36.000000,40.000000,1000.000000
2025-05-13T09:53:38.508,177898,0,36.000000,40.000000,1028.000000
2025-05-13T09:53:38.508,177899,0,17.000000,33.000000,1028.000000
2025-05-13T09:53:38.508,177900,0,17.000000,45.000000,980.000000
2025-05-13T09:53:38.508,177901,0,32.000000,45.000000,980.000000
2025-05-13T09:53:38.509,177902,0,-5.000000,42.000000,1022.000000
2025-05-13T09:53:38.509,177903,0,-5.000000,42.000000,1004.000000
2025-05-13T09:53:38.509,177904,0,0.000000,43.000000,1004.000000
2025-05-13T09:53:38.509,177905,0,-7.000000,21.000000,1018.000000
2025-05-13T09:53:38.509,177906,0,-7.000000,21.000000,1018.000000